"id","年份","日期","标题","发文机关","文件类型","当前司局","当前处室","关键词","官方链接","审核状态","建议司局","建议处室"
"doc-001","2026","2026-06","《国家卫生健康委办公厅关于进一步健全城市社区卫生服务体系 提升服务能力的通知》","国家卫生健康委员会","通知","卫健委-基层卫生健康司","运行评价处","国卫办基层发〔2026〕7号 卫生、体育 国务院部门文件","https://www.gov.cn/zhengce/zhengceku/202606/content_7071263.htm","待审核","",""
"doc-002","2026","2026-05","《关于印发家庭病床服务指南（试行）的通知》","国家中医药管理局,国家卫生健康委员会","通知","卫健委-基层卫生健康司","家庭医生处","国卫基层发〔2026〕15号 卫生、体育 国务院部门文件","https://www.gov.cn/zhengce/zhengceku/202605/content_7068890.htm","待审核","",""
"doc-003","2026","2026-05","《国家卫生健康委关于印发全国生育友好城市、生育友好单位创建管理办法的通知》","国家卫生健康委员会","通知","卫健委-人口家庭司","政策协调处","国卫人口发〔2026〕11号 卫生、体育 国务院部门文件","https://www.gov.cn/zhengce/zhengceku/202605/content_7068783.htm","待审核","",""
"doc-004","2026","2026-04","《国家中医药局 国家卫生健康委关于印发《医院中药饮片管理规范（2026版）》的通知》","国家中医药管理局,国家卫生健康委员会","通知","卫健委-医政司","医疗机构处","国中医药医政发〔2026〕3号 卫生、体育 国务院部门文件","https://www.gov.cn/zhengce/zhengceku/202604/content_7066059.htm","待审核","",""
"doc-005","2026","2026-04","《关于开展基层医疗卫生机构医疗质量改善三年行动（2026—2028年）的通知》","国家中医药管理局,国家卫生健康委员会","通知","卫健委-基层卫生健康司","运行评价处","国卫办基层发〔2026〕4号 卫生、体育 国务院部门文件","https://www.gov.cn/zhengce/zhengceku/202604/content_7064456.htm","待审核","",""
"doc-006","2026","2026-03","《国家中医药管理局关于印发《三级中医医院评审标准（2026年版）》的通知》","国家中医药管理局","通知","卫健委-医政司","医疗管理处","国中医药医政函〔2026〕39号 卫生、体育 国务院部门文件","https://www.gov.cn/zhengce/zhengceku/202603/content_7064072.htm","待审核","",""
"doc-007","2026","2026-03","《关于印发乡镇卫生院 社区卫生服务中心中医药服务管理基本规范的通知》","国家中医药管理局","通知","卫健委-基层卫生健康司","运行评价处","国中医药医政发〔2026〕2号 卫生、体育 国务院部门文件","https://www.gov.cn/zhengce/zhengceku/202603/content_7063623.htm","待审核","",""
"doc-008","2026","2026-03","《人力资源社会保障部 工业和信息化部 财政部 住房城乡建设部 交通运输部 国家卫生健康委 应急管理部 市场监管总局 中华全国总工会关于印发工伤预防五年行动计划（2026—2030年）的通知》","人力资源和社会保障部","通知","卫健委-规划发展与信息化司","信息统计处","人社部发〔2026〕20号 劳动、人事、监察 国务院部门文件","https://www.gov.cn/zhengce/zhengceku/202603/content_7062918.htm","待审核","",""
"doc-009","2026","2026-02","《关于“十五五”期间支持科技创新进口税收优惠政策管理办法的通知》","国家发展和改革委员会,教育部,科学技术部,财政部,工业和信息化部,民政部,商务部,文化和旅游部,国家卫生健康委员会,海关总署,国家税务总局","通知","卫健委-科技教育司","项目一处","财关税〔2026〕8号 财政、金融、审计 国务院部门文件","https://www.gov.cn/zhengce/zhengceku/202602/content_7058006.htm","待审核","",""
"doc-010","2026","2026-02","《关于印发国家基本药物目录管理办法的通知》","国家发展和改革委员会,工业和信息化部,商务部,国家医疗保障局,财政部,国家疾病预防控制局,国家中医药管理局,国家卫生健康委员会,国家药品监督管理局,国家市场监督管理总局","通知","中医药局-医政管理","中医药服务处","国卫药政发〔2026〕2号 卫生、体育 国务院部门文件","https://www.gov.cn/zhengce/zhengceku/202602/content_7057794.htm","待审核","",""
"doc-011","2026","2026-02","《工业和信息化部等八部门关于印发《中药工业高质量发展实施方案（2026—2030年）》的通知》","国家民族事务委员会,工业和信息化部,农业农村部,国务院国有资产监督管理委员会,国家卫生健康委员会,国家金融监督管理总局,国家药品监督管理局,国家中医药管理局","通知","中医药局-医政管理","中药管理处","工信部联消费〔2026〕33号 工业、交通 国务院部门文件","https://www.gov.cn/zhengce/zhengceku/202602/content_7057174.htm","待审核","",""
"doc-012","2026","2026-01","《人力资源社会保障部等11部门关于开展2026年“春暖农民工”服务行动的通知》","人力资源和社会保障部,公安部,民政部,司法部,交通运输部,农业农村部,文化和旅游部,国家卫生健康委员会","通知","卫健委-规划发展与信息化司","综合处","劳动、人事、监察 国务院部门文件","https://www.gov.cn/zhengce/zhengceku/202601/content_7056044.htm","待审核","",""
"doc-013","2026","2026-01","《中国气象局 民政部 文化和旅游部 国家医疗保障局 国家林业和草原局 国家中医药管理局 国家疾病预防控制局关于加强协同联动 推进康养气象服务高质量发展的指导意见》","中国气象局,民政部,文化和旅游部,国家医疗保障局,国家林业和草原局,国家中医药管理局,国家疾病预防控制局","意见","中医药局-医政管理","中医药服务处","气发〔2025〕101号 城乡建设、环境保护 国务院部门文件","https://www.gov.cn/zhengce/zhengceku/202601/content_7054707.htm","待审核","",""
"doc-014","2026","2026-01","《关于印发第四批鼓励仿制药品目录的通知》","工业和信息化部,国家卫生健康委员会,国家知识产权局,国家药品监督管理局","通知","医保局-医药服务管理司","医保目录处","国卫办药政函〔2025〕483号 卫生、体育 国务院部门文件","https://www.gov.cn/zhengce/zhengceku/202601/content_7053823.htm","待审核","",""
"doc-015","2025","2025-12","《关于印发儿童青少年“五健”促进行动计划（2026—2030年）的通知》","国家发展和改革委员会,国家疾病预防控制局,国家体育总局,国家中医药管理局,国家互联网信息办公室,财政部,教育部,国家卫生健康委员会,国家广播电视总局","通知","卫健委-妇幼健康司","妇女卫生处","国卫妇幼发〔2025〕21号 卫生、体育 国务院部门文件","https://www.gov.cn/zhengce/zhengceku/202512/content_7053270.htm","待审核","",""
"doc-016","2025","2025-12","《国家发展改革委 教育部 财政部关于完善幼儿园收费政策的通知》","国家发展和改革委员会,教育部,财政部","通知","卫健委-人口家庭司","政策协调处","发改价格〔2025〕1644号 科技、教育 国务院部门文件","https://www.gov.cn/zhengce/zhengceku/202512/content_7052548.htm","待审核","",""
"doc-017","2025","2025-12","《关于印发老年护理服务能力提升行动方案的通知》","国家卫生健康委员会,国家医疗保障局,国家中医药管理局,国家疾病预防控制局","通知","卫健委-医政司","护理与康复处","国卫办医政发〔2025〕32号 卫生、体育 国务院部门文件","https://www.gov.cn/zhengce/zhengceku/202512/content_7051098.htm","待审核","",""
"doc-018","2025","2025-12","《国家医保局 人力资源社会保障部关于印发《国家基本医疗保险、生育保险和工伤保险药品目录》以及《商业健康保险创新药品目录》（2025年）的通知》","人力资源和社会保障部,国家医疗保障局","通知","医保局-医药服务管理司","医保目录处","医保发〔2025〕33号 卫生、体育 国务院部门文件","https://www.gov.cn/zhengce/zhengceku/202512/content_7050533.htm","待审核","",""
"doc-019","2025","2025-11","《国家中医药局 国家卫生健康委关于学习推广三明医改促进中医药传承创新发展经验做法的通知》","国家卫生健康委员会,国家中医药管理局","通知","卫健委-体制改革司","政策研究处","国中医药结合函〔2025〕272号 卫生、体育 国务院部门文件","https://www.gov.cn/zhengce/zhengceku/202511/content_7049845.htm","待审核","",""
"doc-020","2025","2025-11","《民政部 国家标准化管理委员会关于印发《养老服务标准体系建设指南 （2025版）》的通知》","民政部,国家标准化管理委员会","通知","卫健委-妇幼健康司","儿童卫生处","民函〔2025〕61号 民政、扶贫、救灾 国务院部门文件","https://www.gov.cn/zhengce/zhengceku/202511/content_7049494.htm","待审核","",""
"doc-021","2025","2025-11","《国家卫生健康委办公厅关于印发基层慢性病健康管理服务能力建设指引的通知》","国家卫生健康委员会","通知","卫健委-基层卫生健康司","运行评价处","国卫办基层函〔2025〕439号 卫生、体育 国务院部门文件","https://www.gov.cn/zhengce/zhengceku/202511/content_7049144.htm","待审核","",""
"doc-022","2025","2025-11","《关于开展银发医养行动的通知》","国家卫生健康委员会,民政部,人力资源和社会保障部,国家中医药管理局,国家疾病预防控制局","通知","卫健委-老龄健康司","医养结合处","国卫老龄发〔2025〕14号 卫生、体育 国务院部门文件","https://www.gov.cn/zhengce/zhengceku/202511/content_7047011.htm","待审核","",""
"doc-023","2025","2025-10","《关于将人乳头瘤病毒疫苗纳入国家免疫规划有关工作事宜的通知》","国家药品监督管理局,教育部,工业和信息化部,财政部,国家卫生健康委员会,国家疾病预防控制局","通知","疾控局-卫生与免疫规划司","免疫规划处","国疾控卫免发〔2025〕16号 卫生、体育 国务院部门文件","https://www.gov.cn/zhengce/zhengceku/202510/content_7046467.htm","待审核","",""
"doc-024","2025","2025-10","《关于开展医养结合促进行动的通知》","国家卫生健康委员会","通知","卫健委-老龄健康司","医养结合处","国卫办老龄发〔2025〕29号 卫生、体育 国务院部门文件","https://www.gov.cn/zhengce/zhengceku/202510/content_7046353.htm","待审核","",""
"doc-025","2025","2025-09","《体育总局关于印发《关于推动运动促进健康事业高质量发展的指导意见》的通知》","国家体育总局","通知","卫健委-规划发展与信息化司","综合处","卫生、体育 国务院部门文件","https://www.gov.cn/zhengce/zhengceku/202509/content_7041734.htm","待审核","",""
"doc-026","2025","2025-09","《商务部等9部门关于加力推动城市一刻钟便民生活圈建设扩围升级的通知》","民政部,商务部,人力资源和社会保障部,国家市场监督管理总局,国家体育总局,自然资源部,住房和城乡建设部,国家卫生健康委员会,文化和旅游部","通知","卫健委-老龄健康司","医养结合处","城乡建设、环境保护 国务院部门文件","https://www.gov.cn/zhengce/zhengceku/202509/content_7041331.htm","待审核","",""
"doc-027","2025","2025-09","《关于印发育儿补贴制度管理规范（试行）的通知》","财政部,国家卫生健康委员会","通知","卫健委-妇幼健康司","妇女卫生处","国卫办人口发〔2025〕24号 人口与计划生育、妇女儿童工作 国务院部门文件","https://www.gov.cn/zhengce/zhengceku/202509/content_7041274.htm","待审核","",""
"doc-028","2025","2025-09","《国家中医药管理局综合司关于开展中医药标准化研究转化中心建设的通知》","国家中医药管理局","通知","中医药局-医政管理","中医药服务处","卫生、体育 国务院部门文件","https://www.gov.cn/zhengce/zhengceku/202509/content_7040612.htm","待审核","",""
"doc-029","2025","2025-09","《商务部等11部门办公厅（室）关于公布第二批城市一刻钟便民生活圈全域推进先行区试点名单的通知》","商务部,财政部,人力资源和社会保障部,民政部,自然资源部,住房和城乡建设部,国家卫生健康委员会,国家市场监督管理总局,国家金融监督管理总局,国家体育总局,国家邮政局","通知","卫健委-规划发展与信息化司","综合处","商贸、海关、旅游 国务院部门文件","https://www.gov.cn/zhengce/zhengceku/202509/content_7039674.htm","待审核","",""
"doc-030","2025","2025-09","《关于建立常态化巡回医疗制度的通知》","国家卫生健康委员会,国家疾病预防控制局,国家中医药管理局","通知","卫健委-基层卫生健康司","综合处","国卫办医政发〔2025〕25号 卫生、体育 国务院部门文件","https://www.gov.cn/zhengce/zhengceku/202509/content_7039237.htm","待审核","",""
"doc-031","2025","2025-08","《关于印发提升家庭医生签约服务感受度若干措施的通知》","国家卫生健康委员会,国家发展和改革委员会,人力资源和社会保障部,国家医疗保障局,国家中医药管理局,国家疾病预防控制局","通知","卫健委-基层卫生健康司","家庭医生处","国卫办基层发〔2025〕21号 卫生、体育 国务院部门文件","https://www.gov.cn/zhengce/zhengceku/202508/content_7037136.htm","待审核","",""
"doc-032","2025","2025-08","《全国老龄工作委员会关于开展2025年全国“敬老月”活动的通知》","民政部","通知","卫健委-老龄健康司","健康服务处","全国老龄委发〔2025〕5号 民政、扶贫、救灾 国务院部门文件","https://www.gov.cn/zhengce/zhengceku/202508/content_7037063.htm","待审核","",""
"doc-033","2025","2025-08","《关于印发《服务业经营主体贷款贴息政策实施方案》的通知》","人力资源和社会保障部,国家金融监督管理总局,中国人民银行,商务部,财政部,文化和旅游部,民政部,国家体育总局,国家卫生健康委员会","通知","卫健委-规划发展与信息化司","发展规划处","财金〔2025〕81号 财政、金融、审计 国务院部门文件","https://www.gov.cn/zhengce/zhengceku/202508/content_7036204.htm","待审核","",""
"doc-034","2025","2025-08","《国家疾控局关于印发传染病疫情预警管理办法（试行）的通知》","国家疾病预防控制局","通知","疾控局-监测预警司","预警处","国疾控监测发〔2025〕11号 卫生、体育 国务院部门文件","https://www.gov.cn/zhengce/zhengceku/202508/content_7036120.htm","待审核","",""
"doc-035","2025","2025-08","《关于规范医疗机构门诊名称管理工作的通知》","国家卫生健康委员会,国家中医药管理局,国家疾病预防控制局","通知","卫健委-医政司","医疗机构处","国卫办医政发〔2025〕14号 卫生、体育 国务院部门文件","https://www.gov.cn/zhengce/zhengceku/202508/content_7035380.htm","待审核","",""
"doc-036","2025","2025-08","《关于印发《健康中国行动—健康环境促进行动实施方案（2025—2030年）》的通知》","国家疾病预防控制局","通知","卫健委-规划发展与信息化司","信息统计处","国疾控卫免发〔2025〕10号 卫生、体育 国务院部门文件","https://www.gov.cn/zhengce/zhengceku/202508/content_7035320.htm","待审核","",""
"doc-037","2025","2025-08","《关于做好2025年中国医师节有关工作的通知》","国家卫生健康委员会,国家中医药管理局,国家疾病预防控制局","通知","中医药局-医政管理","中医药服务处","国卫办医政函〔2025〕331号 卫生、体育 国务院部门文件","https://www.gov.cn/zhengce/zhengceku/202508/content_7035171.htm","待审核","",""
"doc-038","2025","2025-07","《民政部 财政部关于实施向中度以上失能老年人发放养老服务消费补贴项目的通知》","民政部,财政部","通知","卫健委-老龄健康司","医养结合处","民发〔2025〕37号 民政、扶贫、救灾 国务院部门文件","https://www.gov.cn/zhengce/zhengceku/202507/content_7033332.htm","待审核","",""
"doc-039","2025","2025-07","《国家卫生健康委关于印发医养结合示范项目工作方案（2025年版）的通知》","国家卫生健康委员会","通知","卫健委-医政司","医疗资源处","国卫老龄发〔2025〕8号 卫生、体育 国务院部门文件","https://www.gov.cn/zhengce/zhengceku/202507/content_7033211.htm","待审核","",""
"doc-040","2025","2025-07","《关于进一步加强医疗机构电子病历信息使用管理的通知》","国家卫生健康委员会,国家中医药管理局,国家疾病预防控制局","通知","医保局-规划财务法规司","法规标准处","国卫办医政函〔2025〕262号 卫生、体育 国务院部门文件","https://www.gov.cn/zhengce/zhengceku/202507/content_7030265.htm","待审核","",""
"doc-041","2025","2025-06","《关于做好2025年基本公共卫生服务工作的通知》","国家卫生健康委员会,财政部,国家中医药管理局,国家疾病预防控制局","通知","卫健委-基层卫生健康司","基本公共卫生处","国卫基层发〔2025〕7号 卫生、体育 国务院部门文件","https://www.gov.cn/zhengce/zhengceku/202506/content_7029472.htm","待审核","",""
"doc-042","2025","2025-06","《国家中医药局综合司 国家卫生健康委办公厅 中央军委后勤保障部卫生局关于印发《重大疑难疾病中西医临床协作项目建设管理办法》的通知》","国家中医药管理局,国家卫生健康委员会","通知","中医药局-医政管理","中医药服务处","国中医药综结合函〔2025〕112号 卫生、体育 国务院部门文件","https://www.gov.cn/zhengce/zhengceku/202506/content_7028824.htm","待审核","",""
"doc-043","2025","2025-06","《关于全面推进分娩镇痛工作的通知》","国家卫生健康委员会","通知","卫健委-人口家庭司","政策协调处","国卫办医政发〔2025〕12号 卫生、体育 国务院部门文件","https://www.gov.cn/zhengce/zhengceku/202506/content_7026664.htm","待审核","",""
"doc-044","2025","2025-05","《关于印发医院免陪照护服务试点工作方案的通知》","国家卫生健康委员会,国家疾病预防控制局,国家中医药管理局","通知","卫健委-医政司","医疗机构处","国卫办医政发〔2025〕7号 卫生、体育 国务院部门文件","https://www.gov.cn/zhengce/zhengceku/202505/content_7025451.htm","待审核","",""
"doc-045","2025","2025-05","《关于开展全国托育服务质量提升行动（2025-2027年）的通知》","国家卫生健康委员会","通知","卫健委-妇幼健康司","儿童卫生处","国卫办人口函〔2025〕198号 卫生、体育 国务院部门文件","https://www.gov.cn/zhengce/zhengceku/202505/content_7024059.htm","待审核","",""
"doc-046","2025","2025-05","《国家卫生健康委办公厅关于印发老年医学科建设与管理指南（2025年版）的通知》","国家卫生健康委员会","通知","卫健委-老龄健康司","健康服务处","国卫办医政发〔2025〕8号 卫生、体育 国务院部门文件","https://www.gov.cn/zhengce/zhengceku/202505/content_7023001.htm","待审核","",""
"doc-047","2025","2025-04","《关于开展“儿科和精神卫生服务年”行动（2025-2027年）的通知》","国家卫生健康委员会,国家中医药管理局,国家疾病预防控制局","通知","卫健委-医政司","心理健康与精神卫生处","国卫医政函〔2025〕93号 卫生、体育 国务院部门文件","https://www.gov.cn/zhengce/zhengceku/202504/content_7021393.htm","待审核","",""
"doc-048","2025","2025-04","《工业和信息化部等七部门关于印发《医药工业数智化转型实施方案（2025—2030年）》的通知》","商务部,国家中医药管理局,国家卫生健康委员会,国家医疗保障局,工业和信息化部,国家药品监督管理局,国家数据局","通知","中医药局-医政管理","中医药服务处","工信部联消费〔2025〕79号 工业、交通 国务院部门文件","https://www.gov.cn/zhengce/zhengceku/202504/content_7020857.htm","待审核","",""
"doc-075","2024","2024-12","《国家金融监督管理总局关于印发银行保险机构数据安全管理办法的通知》","国家金融监督管理总局","通知","卫健委-法规司","立法处","金规〔2024〕24号 财政、金融、审计 国务院部门文件","https://www.gov.cn/zhengce/zhengceku/202412/content_6995081.htm","待审核","",""
"doc-076","2024","2024-12","《关于国家免疫规划百白破疫苗和白破疫苗免疫程序调整相关工作的通知》","国家疾病预防控制局,教育部,工业和信息化部,财政部,国家卫生健康委员会,国家药品监督管理局","通知","疾控局-卫生与免疫规划司","免疫规划处","国疾控卫免发〔2024〕20号 卫生、体育 国务院部门文件","https://www.gov.cn/zhengce/zhengceku/202412/content_6994724.htm","待审核","",""
"doc-077","2024","2024-12","《关于推介2024年度全国农村公共服务典型案例的通知》","教育部,国家发展和改革委员会,民政部,农业农村部,国家卫生健康委员会","通知","卫健委-规划发展与信息化司","综合处","农办社〔2024〕10号 农业、林业、水利 国务院部门文件","https://www.gov.cn/zhengce/zhengceku/202412/content_6994132.htm","待审核","",""
"doc-078","2024","2024-12","《国家中医药管理局关于印发《中医医院信息与数字化建设规范（2024版）》的通知》","国家中医药管理局","通知","卫健委-医政司","医疗机构处","国中医药规财函〔2024〕259号 卫生、体育 国务院部门文件","https://www.gov.cn/zhengce/zhengceku/202412/content_6993540.htm","待审核","",""
"doc-079","2024","2024-12","《关于印发《职业病分类和目录》的通知》","国家卫生健康委员会","通知","卫健委-职业健康司","职业病管理处","国卫职健发〔2024〕39号 卫生、体育 国务院部门文件","https://www.gov.cn/zhengce/zhengceku/202412/content_6992843.htm","待审核","",""
"doc-080","2024","2024-12","《关于印发麻疹风疹防控方案（2024年版）的通知》","国家卫生健康委员会,国家疾病预防控制局","通知","卫健委-规划发展与信息化司","综合处","国疾控综传防发〔2024〕16号 卫生、体育 国务院部门文件","https://www.gov.cn/zhengce/zhengceku/202412/content_6992246.htm","待审核","",""
"doc-081","2024","2024-12","《国家中医药管理局综合司 国家卫生健康委办公厅关于印发国家中西医结合医学中心（中西医结合医院）设置标准的通知》","国家中医药管理局,国家卫生健康委员会","通知","卫健委-医政司","医疗机构处","国中医药综结合函〔2024〕123号 卫生、体育 国务院部门文件","https://www.gov.cn/zhengce/zhengceku/202412/content_6992092.htm","待审核","",""
"doc-082","2024","2024-12","《关于印发《全国结核病防治规划（2024—2030年）》的通知》","司法部,财政部,国家疾病预防控制局,国家卫生健康委员会,国家发展和改革委员会,教育部,公安部,国家医疗保障局,国家药品监督管理局","通知","卫健委-医疗应急司","公共卫生医疗管理处","国疾控传防发〔2024〕19号 卫生、体育 国务院部门文件","https://www.gov.cn/zhengce/zhengceku/202412/content_6991217.htm","待审核","",""
"doc-083","2024","2024-12","《国家卫生健康委办公厅 民政部办公厅 国家中医药局综合司 国家疾控局综合司关于深化医疗卫生机构与养老机构协议合作的通知》","国家卫生健康委员会,民政部,国家中医药管理局,国家疾病预防控制局","通知","卫健委-老龄健康司","医养结合处","国卫办老龄发〔2024〕26号 卫生、体育 国务院部门文件","https://www.gov.cn/zhengce/zhengceku/202412/content_6991059.htm","待审核","",""
"doc-084","2024","2024-11","《国家疾控局综合司关于印发学校等重点场所诺如病毒感染防控消毒技术指南的通知》","国家疾病预防控制局","通知","卫健委-规划发展与信息化司","综合处","国疾控综卫免函〔2024〕343号 卫生、体育 国务院部门文件","https://www.gov.cn/zhengce/zhengceku/202411/content_6990355.htm","待审核","",""
"doc-085","2024","2024-11","《关于印发独资医院领域扩大开放试点工作方案的通知》","商务部,国家卫生健康委员会,国家中医药管理局,国家疾病预防控制局","通知","卫健委-医政司","医疗机构处","国卫医政发〔2024〕36号 卫生、体育 国务院部门文件","https://www.gov.cn/zhengce/zhengceku/202411/content_6990279.htm","待审核","",""
"doc-086","2024","2024-11","《2024年版国家医保药品目录出炉，新增91种药品——让参保人用上更多新药好药》","33","8","医保局-医药服务管理司","医保目录处","33 8 要闻","https://www.gov.cn/zhengce/202411/content_6989980.htm","待审核","",""
"doc-087","2024","2024-11","《国家医保局 人力资源社会保障部关于印发《国家基本医疗保险、工伤保险和生育保险药品目录（2024年）》的通知》","人力资源和社会保障部,国家医疗保障局","通知","医保局-医药服务管理司","医保目录处","医保发〔2024〕33号 卫生、体育 国务院部门文件","https://www.gov.cn/zhengce/zhengceku/202411/content_6989859.htm","待审核","",""
"doc-088","2024","2024-11","《关于加强首诊和转诊服务 提升医疗服务连续性的通知》","国家卫生健康委员会,国家中医药管理局","通知","卫健委-基层卫生健康司","综合处","国卫办医政发〔2024〕21号 卫生、体育 国务院部门文件","https://www.gov.cn/zhengce/zhengceku/202411/content_6989637.htm","待审核","",""
"doc-089","2024","2024-11","《教育部办公厅关于印发《中小学校园食品安全和膳食经费管理工作指引》的通知》","教育部","通知","疾控局-卫生与免疫规划司","学校卫生处","教体艺厅函〔2024〕39号 科技、教育 国务院部门文件","https://www.gov.cn/zhengce/zhengceku/202411/content_6988725.htm","待审核","",""
"doc-090","2024","2024-11","《商务部关于印发《支持苏州工业园区深化开放创新综合试验的若干措施》的通知》","商务部","通知","卫健委-规划发展与信息化司","信息统计处","商资发〔2024〕282号 商贸、海关、旅游 国务院部门文件","https://www.gov.cn/zhengce/zhengceku/202411/content_6988595.htm","待审核","",""
"doc-091","2024","2024-11","《财政部 国家医保局关于提前下达2025年中央财政城乡居民基本医疗保险补助预算的通知》","财政部,国家医疗保障局","通知","医保局-待遇保障司","筹资待遇处","财社〔2024〕140号 财政、金融、审计 国务院部门文件","https://www.gov.cn/zhengce/zhengceku/202411/content_6995628.htm","待审核","",""
"doc-092","2024","2024-11","《教育部办公厅 国家卫生健康委办公厅 国家疾控局综合司关于切实抓牢幼儿园和小学近视防控关键阶段防控工作的通知》","教育部,国家卫生健康委员会,国家疾病预防控制局","通知","卫健委-规划发展与信息化司","发展规划处","教体艺厅函〔2024〕34号 科技、教育 国务院部门文件","https://www.gov.cn/zhengce/zhengceku/202411/content_6986582.htm","待审核","",""
"doc-093","2024","2024-11","《国家卫生健康委办公厅关于印发继续医学教育学分管理办法（试行）的通知》","国家卫生健康委员会","通知","卫健委-科技教育司","医学教育处","国卫办科教发〔2024〕20号 卫生、体育 国务院部门文件","https://www.gov.cn/zhengce/zhengceku/202411/content_6985846.htm","待审核","",""
"doc-094","2024","2024-11","《关于印发《关于进一步促进养老服务消费 提升老年人生活品质的若干措施》的通知》","公安部,国家发展和改革委员会,文化和旅游部,国家消防救援局,交通运输部,工业和信息化部,商务部,自然资源部,人力资源和社会保障部,国家体育总局,财政部,民政部,农业农村部,国务院国有资产监督管理委员会,国家卫生健康委员会,国家市场监督管理总局,国家邮政局,国家广播电视总局,国家医疗保障局,国家中医药管理局,中国人民银行,国家金融监督管理总局,住房和城乡建设部","通知","卫健委-老龄健康司","医养结合处","民发〔2024〕52号 民政、扶贫、救灾 国务院部门文件","https://www.gov.cn/zhengce/zhengceku/202411/content_6985707.htm","待审核","",""
"doc-095","2024","2024-11","《国家卫生健康委办公厅关于提升老年医学医疗服务能力的通知》","国家卫生健康委员会","通知","卫健委-医政司","医疗机构处","国卫办医政发〔2024〕19号 卫生、体育 国务院部门文件","https://www.gov.cn/zhengce/zhengceku/202411/content_6985383.htm","待审核","",""
"doc-096","2024","2024-11","《关于印发紧密型县域医疗卫生共同体监测指标体系的通知》","国家卫生健康委员会,国家医疗保障局,国家中医药管理局,国家疾病预防控制局","通知","卫健委-基层卫生健康司","运行评价处","国卫办基层发〔2024〕22号 卫生、体育 国务院部门文件","https://www.gov.cn/zhengce/zhengceku/202411/content_6984315.htm","待审核","",""
"doc-097","2024","2024-10","《国家卫生健康委办公厅关于开展2024年世界卒中日主题宣传活动的通知》","国家卫生健康委员会","通知","卫健委-医政司","医疗机构处","国卫办医急函〔2024〕396号 卫生、体育 国务院部门文件","https://www.gov.cn/zhengce/zhengceku/202410/content_6982259.htm","待审核","",""
"doc-098","2024","2024-10","《国家医疗保障局办公室关于规范医保药品外配处方管理的通知》","国家医疗保障局","通知","卫健委-药物政策司","药物政策处","医保办函〔2024〕86号 卫生、体育 国务院部门文件","https://www.gov.cn/zhengce/zhengceku/202410/content_6980794.htm","待审核","",""
"doc-099","2024","2024-10","《关于印发医学人文关怀提升行动方案（2024-2027年）的通知》","教育部,国家卫生健康委员会,国家中医药管理局","通知","中医药局-医政管理","中医药服务处","国卫办医急发〔2024〕18号 卫生、体育 国务院部门文件","https://www.gov.cn/zhengce/zhengceku/202410/content_6979036.htm","待审核","",""
"doc-100","2024","2024-09","《关于印发医疗卫生机构开展研究者发起的临床研究管理办法的通知》","国家卫生健康委员会,国家疾病预防控制局,国家中医药管理局","通知","中医药局-医政管理","中医药服务处","国卫科教发〔2024〕32号 卫生、体育 国务院部门文件","https://www.gov.cn/zhengce/zhengceku/202409/content_6976872.htm","待审核","",""
"doc-101","2024","2024-09","《国家卫生健康委办公厅关于进一步推进临床营养工作的通知》","国家卫生健康委员会","通知","卫健委-规划发展与信息化司","综合处","国卫办医政函〔2024〕333号 卫生、体育 国务院部门文件","https://www.gov.cn/zhengce/zhengceku/202409/content_6975727.htm","待审核","",""
"doc-102","2024","2024-09","《关于印发综合医院中医药工作指南（2024版）的通知》","国家中医药管理局","通知","卫健委-医政司","医疗机构处","国卫办医政函〔2024〕321号 卫生、体育 国务院部门文件","https://www.gov.cn/zhengce/zhengceku/202409/content_6975521.htm","待审核","",""
"doc-103","2024","2024-09","《关于印发疾病预防控制机构食品安全和营养健康工作细则的通知》","国家卫生健康委员会","通知","卫健委-食品安全标准司","食品安全风险监测与评估处","国卫食品发〔2024〕29号 卫生、体育 国务院部门文件","https://www.gov.cn/zhengce/zhengceku/202409/content_6974774.htm","待审核","",""
"doc-104","2024","2024-09","《商务部等11部门办公厅（室）关于公布城市一刻钟便民生活圈第四批全国试点及首批全域推进先行区试点名单的通知》","国家体育总局,国家邮政局,商务部,民政部,财政部,人力资源和社会保障部,自然资源部,住房和城乡建设部,国家卫生健康委员会,国家市场监督管理总局,国家金融监督管理总局","通知","卫健委-规划发展与信息化司","综合处","商贸、海关、旅游 国务院部门文件","https://www.gov.cn/zhengce/zhengceku/202409/content_6974672.htm","待审核","",""
"doc-105","2024","2024-09","《关于做好2024年基本公共卫生服务工作的通知》","财政部,国家卫生健康委员会,国家中医药管理局","通知","卫健委-基层卫生健康司","基本公共卫生处","国卫基层发〔2024〕31号 卫生、体育 国务院部门文件","https://www.gov.cn/zhengce/zhengceku/202409/content_6975491.htm","待审核","",""
"doc-106","2024","2024-09","《国家卫生健康委办公厅关于印发慢性阻塞性肺疾病患者健康服务规范（试行）的通知》","国家卫生健康委员会","通知","卫健委-基层卫生健康司","基本公共卫生处","国卫办基层函〔2024〕336号 卫生、体育 国务院部门文件","https://www.gov.cn/zhengce/zhengceku/202409/content_6974437.htm","待审核","",""
"doc-107","2024","2024-09","《关于开展2024年“服务百姓健康行动”全国大型义诊活动周的通知》","国家中医药管理局,国家疾病预防控制局,国家卫生健康委员会","通知","卫健委-医政司","医疗机构处","国卫办医政函〔2024〕331号 卫生、体育 国务院部门文件","https://www.gov.cn/zhengce/zhengceku/202409/content_6974027.htm","待审核","",""
"doc-108","2024","2024-09","《国家卫生健康委办公厅关于印发门（急）诊诊疗信息页质量管理规定（试行）的通知》","国家卫生健康委员会","通知","卫健委-医政司","医疗管理处","国卫办医政发〔2024〕16号 卫生、体育 国务院部门文件","https://www.gov.cn/zhengce/zhengceku/202409/content_6973295.htm","待审核","",""
"doc-154","2023","2023-12","《关于印发节约药品资源遏制药品浪费实施方案的通知》","国家卫生健康委员会,国家市场监督管理总局,国家药品监督管理局,国家中医药管理局,国家广播电视总局","通知","中医药局-医政管理","中医药服务处","国卫医政发〔2023〕40号 卫生、体育 国务院部门文件","https://www.gov.cn/zhengce/zhengceku/202312/content_6923589.htm","待审核","",""
"doc-155","2023","2023-12","《民政部 国家卫生健康委 中国残联关于印发《精神障碍社区康复服务资源共享与转介管理办法》的通知》","民政部,国家卫生健康委员会","通知","卫健委-医政司","心理健康与精神卫生处","民发〔2023〕70号 民政、扶贫、救灾 国务院部门文件","https://www.gov.cn/zhengce/zhengceku/202312/content_6923518.htm","待审核","",""
"doc-156","2023","2023-12","《关于印发第三批鼓励仿制药品目录的通知》","国家卫生健康委员会,工业和信息化部,国家药品监督管理局,国家知识产权局,国家疾病预防控制局","通知","医保局-医药服务管理司","医保目录处","国卫办药政函〔2023〕471号 卫生、体育 国务院部门文件","https://www.gov.cn/zhengce/zhengceku/202312/content_6922542.htm","待审核","",""
"doc-157","2023","2023-12","《国家中医药管理局关于印发县级中医医院“两专科一中心”项目建设管理办法的通知》","国家中医药管理局","通知","卫健委-基层卫生健康司","综合处","国中医药医政函〔2023〕266号 卫生、体育 国务院部门文件","https://www.gov.cn/zhengce/zhengceku/202312/content_6921604.htm","待审核","",""
"doc-158","2023","2023-12","《国家中医药管理局关于公布中医康复中心建设单位名单的通知》","国家中医药管理局","通知","卫健委-医政司","护理与康复处","国中医药医政函〔2023〕255号 卫生、体育 国务院部门文件","https://www.gov.cn/zhengce/zhengceku/202312/content_6921599.htm","待审核","",""
"doc-159","2023","2023-12","《国家中医药管理局关于进一步加强中医医院老年病科建设的通知》","国家中医药管理局","通知","卫健委-医政司","医疗机构处","国中医药医政函〔2023〕263号 卫生、体育 国务院部门文件","https://www.gov.cn/zhengce/zhengceku/202312/content_6921300.htm","待审核","",""
"doc-160","2023","2023-12","《关于深化中医馆建设 加强中医医师配备的通知》","国家中医药管理局","通知","卫健委-基层卫生健康司","综合处","国中医药综医政发〔2023〕6号 卫生、体育 国务院部门文件","https://www.gov.cn/zhengce/zhengceku/202312/content_6921027.htm","待审核","",""
"doc-161","2023","2023-12","《国家医保局 财政部关于印发《长期护理保险失能等级评估管理办法（试行）》的通知》","国家医疗保障局,财政部","通知","医保局-待遇保障司","长期护理保险处","医保发〔2023〕29号 卫生、体育 国务院部门文件","https://www.gov.cn/zhengce/zhengceku/202312/content_6920626.htm","待审核","",""
"doc-162","2023","2023-12","《关于印发《突发事件医疗应急工作管理办法（试行）》的通知》","国家卫生健康委员会","通知","卫健委-医疗应急司","医疗应急管理处","国卫医急发〔2023〕37号 卫生、体育 国务院部门文件","https://www.gov.cn/zhengce/zhengceku/202312/content_6919826.htm","待审核","",""
"doc-163","2023","2023-12","《关于印发医疗监督执法工作规范（试行）的通知》","国家卫生健康委员会,国家中医药管理局,国家疾病预防控制局","通知","卫健委-医疗应急司","医疗监督和行风管理处","国卫医急发〔2023〕35号 卫生、体育 国务院部门文件","https://www.gov.cn/zhengce/zhengceku/202312/content_6918885.htm","待审核","",""
"doc-164","2023","2023-12","《国家卫生健康委办公厅关于指导基层医疗卫生机构做好冬春季呼吸道疾病健康服务有关工作的通知》","国家卫生健康委员会","通知","卫健委-基层卫生健康司","综合处","国卫办基层函〔2023〕438号 卫生、体育 国务院部门文件","https://www.gov.cn/zhengce/zhengceku/202312/content_6918726.htm","待审核","",""
"doc-165","2023","2023-12","《国家卫生健康委办公厅关于指导妇幼保健机构做好儿童呼吸道疾病诊疗服务的通知》","国家卫生健康委员会","通知","卫健委-妇幼健康司","妇女卫生处","国卫办妇幼函〔2023〕437号 卫生、体育 国务院部门文件","https://www.gov.cn/zhengce/zhengceku/202312/content_6918081.htm","待审核","",""
"doc-166","2023","2023-11","《关于组织申报2023年中央财政支持普惠托育服务发展示范项目的通知》","财政部,国家卫生健康委员会","通知","卫健委-妇幼健康司","儿童卫生处","财办社〔2023〕43号 财政、金融、审计 国务院部门文件","https://www.gov.cn/zhengce/zhengceku/202311/content_6917511.htm","待审核","",""
"doc-167","2023","2023-11","《国家中医药管理局关于进一步加强中医医院儿科建设的通知》","国家中医药管理局","通知","卫健委-医政司","医疗机构处","国中医药医政函〔2023〕234号 卫生、体育 国务院部门文件","https://www.gov.cn/zhengce/zhengceku/202311/content_6916864.htm","待审核","",""
"doc-168","2023","2023-11","《关于印发《家庭托育点管理办法（试行）》的通知》","住房和城乡建设部,国家卫生健康委员会,应急管理部,国家市场监督管理总局,国家消防救援局","通知","卫健委-妇幼健康司","儿童卫生处","国卫人口发〔2023〕28号 卫生、体育 国务院部门文件","https://www.gov.cn/zhengce/zhengceku/202311/content_6915643.htm","待审核","",""
"doc-169","2023","2023-11","《关于印发健康中国行动—癌症防治行动实施方案（2023—2030年）的通知》","科学技术部,民政部,生态环境部,农业农村部,国家金融监督管理总局,国家卫生健康委员会,教育部,财政部,国家中医药管理局,国家发展和改革委员会,国家疾病预防控制局,国家药品监督管理局,国家医疗保障局","通知","中医药局-医政管理","中医药服务处","国卫医急发〔2023〕30号 卫生、体育 国务院部门文件","https://www.gov.cn/zhengce/zhengceku/202311/content_6915380.htm","待审核","",""
"doc-170","2023","2023-11","《关于印发健康中国行动—心脑血管疾病防治行动实施方案（2023—2030年）的通知》","国家卫生健康委员会,国家发展和改革委员会,教育部,科学技术部,工业和信息化部,民政部,财政部,国家市场监督管理总局,国家广播电视总局,国家体育总局,国家中医药管理局,国家疾病预防控制局","通知","中医药局-医政管理","中医药服务处","国卫医急发〔2023〕31号 卫生、体育 国务院部门文件","https://www.gov.cn/zhengce/zhengceku/202311/content_6915365.htm","待审核","",""
"doc-171","2023","2023-11","《关于印发居家和社区医养结合服务指南（试行）的通知》","国家卫生健康委员会,国家中医药管理局,国家疾病预防控制局","通知","卫健委-老龄健康司","医养结合处","国卫办老龄发〔2023〕18号 卫生、体育 国务院部门文件","https://www.gov.cn/zhengce/zhengceku/202311/content_6914596.htm","待审核","",""
"doc-172","2023","2023-11","《关于印发改善就医感受提升患者体验评估操作手册的通知》","国家卫生健康委员会,国家中医药管理局","通知","中医药局-医政管理","中医药服务处","国卫办医政函〔2023〕313号 卫生、体育 国务院部门文件","https://www.gov.cn/zhengce/zhengceku/202311/content_6914354.htm","待审核","",""
"doc-173","2023","2023-10","《国家卫生健康委办公厅关于印发患者安全专项行动方案（2023-2025年）的通知》","国家卫生健康委员会","通知","卫健委-医政司","医疗管理处","国卫办医政发〔2023〕13号 卫生、体育 国务院部门文件","https://www.gov.cn/zhengce/zhengceku/202310/content_6908044.htm","待审核","",""
"doc-174","2023","2023-09","《关于公布第二批罕见病目录的通知》","国家卫生健康委员会","通知","中医药局-医政管理","中医药服务处","国卫医政发〔2023〕26号 卫生、体育 国务院部门文件","https://www.gov.cn/zhengce/zhengceku/202309/content_6905273.htm","待审核","",""
"doc-175","2023","2023-09","《教育部关于印发《2024年全国硕士研究生招生工作管理规定》的通知》","教育部","通知","卫健委-体制改革司","督导评价处","教学〔2023〕2号 科技、教育 国务院部门文件","https://www.gov.cn/zhengce/zhengceku/202309/content_6904295.htm","待审核","",""
"doc-176","2023","2023-09","《国家医疗保障局关于进一步深入推进医疗保障基金智能审核和监控工作的通知》","国家医疗保障局","通知","卫健委-规划发展与信息化司","综合处","医保发〔2023〕25号 卫生、体育 国务院部门文件","https://www.gov.cn/zhengce/zhengceku/202309/content_6903823.htm","待审核","",""
"doc-177","2023","2023-09","《关于进一步推进口腔医疗服务和保障管理工作的通知》","国家药品监督管理局,国家金融监督管理总局,国家卫生健康委员会,国家医疗保障局","通知","卫健委-规划发展与信息化司","综合处","国卫办医政发〔2023〕11号 卫生、体育 国务院部门文件","https://www.gov.cn/zhengce/zhengceku/202309/content_6903786.htm","待审核","",""
"doc-178","2023","2023-08","《关于深化气候适应型城市建设试点的通知》","自然资源部,住房和城乡建设部,交通运输部,水利部,中国气象局,国家疾病预防控制局,生态环境部,财政部","通知","卫健委-规划发展与信息化司","综合处","环办气候〔2023〕13号 城乡建设、环境保护 国务院部门文件","https://www.gov.cn/zhengce/zhengceku/202308/content_6900892.htm","待审核","",""
"doc-179","2023","2023-08","《国家卫生健康委办公厅关于印发手术质量安全提升行动方案（2023-2025年）的通知》","国家卫生健康委员会","通知","卫健委-医政司","医疗管理处","国卫办医政发〔2023〕10号 卫生、体育 国务院部门文件","https://www.gov.cn/zhengce/zhengceku/202308/content_6900753.htm","待审核","",""
"doc-180","2023","2023-08","《国家卫生健康委办公厅关于印发出生缺陷防治能力提升计划（2023-2027年）的通知》","国家卫生健康委员会","通知","卫健委-人口家庭司","政策协调处","国卫办妇幼发〔2023〕9号 卫生、体育 国务院部门文件","https://www.gov.cn/zhengce/zhengceku/202308/content_6900320.htm","待审核","",""
"doc-181","2023","2023-08","《国家发展改革委办公厅等关于补齐公共卫生环境设施短板 开展城乡环境卫生清理整治的通知》","生态环境部,国家发展和改革委员会,住房和城乡建设部,农业农村部,国家卫生健康委员会","通知","疾控局-卫生与免疫规划司","环境卫生处","发改办社会〔2023〕523号 卫生、体育 国务院部门文件","https://www.gov.cn/zhengce/zhengceku/202308/content_6900201.htm","待审核","",""
"doc-182","2023","2023-08","《关于印发《集中用餐单位食品安全问题专项治理行动工作方案》的通知》","教育部,国家卫生健康委员会,国家市场监督管理总局,民政部,国家机关事务管理局","通知","卫健委-医疗应急司","安全生产处","国市监食协发〔2023〕65号 市场监管、安全生产监管 国务院部门文件","https://www.gov.cn/zhengce/zhengceku/202308/content_6899605.htm","待审核","",""
"doc-183","2023","2023-08","《国家卫生健康委办公厅关于印发基层卫生健康便民惠民服务举措的通知》","国家卫生健康委员会","通知","卫健委-基层卫生健康司","综合处","国卫办基层发〔2023〕7号 卫生、体育 国务院部门文件","https://www.gov.cn/zhengce/zhengceku/202308/content_6897298.htm","待审核","",""
"doc-184","2023","2023-08","《人力资源社会保障部办公厅 国家卫生健康委办公厅 应急管理部办公厅 国家铁路局综合司 国家矿山安全监察局综合司关于实施矿山、机械制造、铁路运输、铁路建设施工等行业重点企业工伤预防能力提升培训工程的通知》","人力资源和社会保障部,国家卫生健康委员会,应急管理部,国家铁路局,国家矿山安全监察局","通知","卫健委-医疗应急司","安全生产处","人社厅函〔2023〕102号 劳动、人事、监察 国务院部门文件","https://www.gov.cn/zhengce/zhengceku/202308/content_6896855.htm","待审核","",""
"doc-185","2023","2023-07","《图表：2023年继续提高居民医保筹资标准至1020元》","33","8","医保局-待遇保障司","筹资待遇处","33 8 要闻","https://www.gov.cn/zhengce/jiedu/tujie/202307/content_6895407.htm","待审核","",""
"doc-186","2023","2023-07","《国家医保局 财政部 国家税务总局关于做好2023年城乡居民基本医疗保障工作的通知》","财政部,国家税务总局,国家医疗保障局","通知","卫健委-规划发展与信息化司","综合处","医保发〔2023〕24号 卫生、体育 国务院部门文件","https://www.gov.cn/zhengce/zhengceku/202307/content_6895391.htm","待审核","",""
"doc-187","2023","2023-07","《国家卫生健康委办公厅关于开展2023年世界母乳喂养周活动的通知》","国家卫生健康委员会","通知","卫健委-妇幼健康司","妇女卫生处","国卫办妇幼函〔2023〕290号 卫生、体育 国务院部门文件","https://www.gov.cn/zhengce/zhengceku/202307/content_6895314.htm","待审核","",""
"doc-232","2022","2022-12","《国家卫生健康委关于设置国家骨科医学中心的通知》","国家卫生健康委员会","通知","卫健委-医政司","医疗机构处","国卫医政函〔2022〕225号 卫生、体育 国务院部门文件","http://www.gov.cn/zhengce/zhengceku/2022-12/31/content_5734413.htm","待审核","",""
"doc-233","2022","2022-12","《关于严禁养老机构违法违规开展医疗服务的通知》","民政部,国家中医药管理局,国家卫生健康委员会","通知","医保局-基金监管司","基金监管处","国卫办老龄发〔2022〕20号 卫生、体育 国务院部门文件","http://www.gov.cn/zhengce/zhengceku/2022-12/30/content_5734233.htm","待审核","",""
"doc-234","2022","2022-12","《国家卫生健康委办公厅关于进一步加强用人单位职业健康培训工作的通知》","国家卫生健康委员会","通知","卫健委-职业健康司","职业病管理处","国卫办职健函〔2022〕441号 卫生、体育 国务院部门文件","http://www.gov.cn/zhengce/zhengceku/2022-12/30/content_5734220.htm","待审核","",""
"doc-235","2022","2022-12","《国家卫生健康委办公厅关于印发国家医学中心管理办法（试行）和国家区域医疗中心管理办法（试行）的通知》","国家卫生健康委员会","通知","卫健委-医政司","医疗机构处","国卫办医政发〔2022〕17号 卫生、体育 国务院部门文件","http://www.gov.cn/zhengce/zhengceku/2022-12/29/content_5734106.htm","待审核","",""
"doc-236","2022","2022-12","《关于印发诊所备案管理暂行办法的通知》","国家卫生健康委员会,国家中医药管理局","通知","卫健委-医政司","医疗机构处","国卫医政发〔2022〕33号 卫生、体育 国务院部门文件","http://www.gov.cn/zhengce/zhengceku/2022-12/27/content_5733748.htm","待审核","",""
"doc-237","2022","2022-12","《国家医疗保障局关于全面排查并取消医保不合理限制的通知》","国家医疗保障局","通知","卫健委-规划发展与信息化司","综合处","医保函 〔2022〕254号 卫生、体育 国务院部门文件","http://www.gov.cn/zhengce/zhengceku/2022-12/23/content_5733286.htm","待审核","",""
"doc-238","2022","2022-12","《人力资源社会保障部等12部门关于开展2023年春节期间“春暖农民工”服务行动的通知》","民政部,司法部,人力资源和社会保障部,交通运输部,文化和旅游部,国家卫生健康委员会,公安部,国家乡村振兴局","通知","卫健委-财务司","乡村振兴处","劳动、人事、监察 国务院部门文件","http://www.gov.cn/zhengce/zhengceku/2022-12/20/content_5732873.htm","待审核","",""
"doc-239","2022","2022-12","《国家卫生健康委办公厅关于印发医疗机构手术分级管理办法的通知》","国家卫生健康委员会","通知","卫健委-医政司","医疗管理处","国卫办医政发〔2022〕18号 卫生、体育 国务院部门文件","http://www.gov.cn/zhengce/zhengceku/2022-12/19/content_5732651.htm","待审核","",""
"doc-240","2022","2022-12","《国家卫生健康委关于印发《三级医院评审标准（2022年版）》及其实施细则的通知》","国家卫生健康委员会","通知","卫健委-医政司","医疗管理处","国卫医政发〔2022〕31号 卫生、体育 国务院部门文件","http://www.gov.cn/zhengce/zhengceku/2022-12/18/content_5732583.htm","待审核","",""
"doc-241","2022","2022-12","《交通运输部关于印发《国内游轮常态化疫情防控工作指南（第七版）》的通知》","交通运输部","通知","卫健委-规划发展与信息化司","综合处","交水明电〔2022〕340号 工业、交通 国务院部门文件","http://www.gov.cn/zhengce/zhengceku/2022-12/09/content_5730944.htm","待审核","",""
"doc-242","2022","2022-12","《国家中医药管理局关于印发“十四五”中医药信息化发展规划的通知》","国家中医药管理局","通知","中医药局-医政管理","中医药服务处","国中医药规财函〔2022〕238号 卫生、体育 国务院部门文件","http://www.gov.cn/zhengce/zhengceku/2022-12/06/content_5730292.htm","待审核","",""
"doc-243","2022","2022-12","《国家卫生健康委办公厅关于印发托育从业人员职业行为准则（试行）的通知》","国家卫生健康委员会","通知","卫健委-人口家庭司","政策协调处","国卫办人口函〔2022〕414号 卫生、体育 国务院部门文件","http://www.gov.cn/zhengce/zhengceku/2022-12/03/content_5730066.htm","待审核","",""
"doc-244","2022","2022-11","《关于深入开展“优质服务基层行”活动加强基层医疗卫生机构绩效评价的通知》","国家卫生健康委员会,国家中医药管理局","通知","卫健委-基层卫生健康司","综合处","国卫办基层函〔2022〕410号 卫生、体育 国务院部门文件","http://www.gov.cn/zhengce/zhengceku/2022-11/30/content_5729617.htm","待审核","",""
"doc-245","2022","2022-11","《国家中医药管理局关于印发《中医药统计工作管理办法（试行）》的通知》","国家中医药管理局","通知","医保局-规划财务法规司","规划统计处","国中医药规财发〔2022〕9号 卫生、体育 国务院部门文件","http://www.gov.cn/zhengce/zhengceku/2022-11/15/content_5727025.htm","待审核","",""
"doc-246","2022","2022-11","《教育部等七部门关于印发《农村义务教育学生营养改善计划实施办法》的通知》","国家卫生健康委员会,国家市场监督管理总局,国家发展和改革委员会,财政部,农业农村部,教育部","通知","卫健委-法规司","立法处","教财〔2022〕2号 科技、教育 国务院部门文件","http://www.gov.cn/zhengce/zhengceku/2022-11/11/content_5726234.htm","待审核","",""
"doc-247","2022","2022-10","《国家中医药管理局关于印发《“十四五”中医药人才发展规划》的通知》","国家中医药管理局","通知","中医药局-医政管理","中医药服务处","国中医药人教发〔2022〕7号 卫生、体育 国务院部门文件","http://www.gov.cn/zhengce/zhengceku/2022-10/28/content_5722353.htm","待审核","",""
"doc-248","2022","2022-09","《关于开展健康中国行动中医药健康促进专项活动的通知》","国家中医药管理局,国家卫生健康委员会","通知","中医药局-医政管理","中医药服务处","国健推委办发〔2022〕5号 卫生、体育 国务院部门文件","http://www.gov.cn/zhengce/zhengceku/2022-09/22/content_5711192.htm","待审核","",""
"doc-249","2022","2022-09","《科技部等二十二部门关于印发《科研失信行为调查处理规则》的通知》","国家发展和改革委员会,科学技术部,工业和信息化部,财政部,人力资源和社会保障部,教育部,国家卫生健康委员会,国务院国有资产监督管理委员会,中国工程院,国家国防科技工业局,国家市场监督管理总局,中国社会科学院,中国科学院,公安部,农业农村部","通知","医保局-基金监管司","信用管理处","国科发监〔2022〕221号 科技、教育 国务院部门文件","http://www.gov.cn/zhengce/zhengceku/2022-09/14/content_5709819.htm","待审核","",""
"doc-250","2022","2022-09","《国家医疗保障局关于开展口腔种植医疗服务收费和耗材价格专项治理的通知》","国家医疗保障局","通知","医保局-价格招采司","药品耗材招采处","医保发〔2022〕27号 卫生、体育 国务院部门文件","http://www.gov.cn/zhengce/zhengceku/2022-09/08/content_5709065.htm","待审核","",""
"doc-251","2022","2022-09","《教育部关于印发《2023年全国硕士研究生招生工作管理规定》的通知》","教育部","通知","卫健委-体制改革司","督导评价处","教学〔2022〕3号 科技、教育 国务院部门文件","http://www.gov.cn/zhengce/zhengceku/2022-09/07/content_5708701.htm","待审核","",""
"doc-252","2022","2022-08","《国家发展改革委等部门印发《养老托育服务业纾困扶持若干政策措施》的通知》","国家发展和改革委员会,科学技术部,民政部,财政部,人力资源和社会保障部,住房和城乡建设部,国家卫生健康委员会,中国人民银行,国务院国有资产监督管理委员会,国家税务总局,国家市场监督管理总局,国家金融监督管理总局,教育部","通知","卫健委-人口家庭司","政策协调处","发改财金〔2022〕1356号 民政、扶贫、救灾 国务院部门文件","http://www.gov.cn/zhengce/zhengceku/2022-08/31/content_5707518.htm","待审核","",""
"doc-253","2022","2022-08","《四部门关于加强短缺药品和国家组织药品集中采购中选药品生产储备监测工作的通知》","工业和信息化部,国家卫生健康委员会,国家药品监督管理局,国家医疗保障局","通知","医保局-价格招采司","药品耗材招采处","工信厅联消费函〔2022〕186号 市场监管、安全生产监管 国务院部门文件","http://www.gov.cn/zhengce/zhengceku/2022-08/09/content_5704755.htm","待审核","",""
"doc-254","2022","2022-07","《关于健全完善村级综合服务功能的意见》","民政部,国家发展和改革委员会,司法部,财政部,人力资源和社会保障部,退役军人事务部,国家医疗保障局,住房和城乡建设部,交通运输部,农业农村部,文化和旅游部,国家卫生健康委员会,应急管理部,国家体育总局,教育部,公安部","意见","卫健委-规划发展与信息化司","综合处","民发〔2022〕56号 民政、扶贫、救灾 国务院部门文件","http://www.gov.cn/zhengce/zhengceku/2022-07/27/content_5703004.htm","待审核","",""
"doc-255","2022","2022-07","《国家医保局 财政部关于进一步做好基本医疗保险跨省异地就医直接结算工作的通知》","财政部,国家医疗保障局","通知","医保局-价格招采司","药品耗材招采处","医保发〔2022〕22号 卫生、体育 国务院部门文件","http://www.gov.cn/zhengce/zhengceku/2022-07/26/content_5702881.htm","待审核","",""
"doc-256","2022","2022-07","《国家医疗保障局办公室关于进一步做好医疗服务价格管理工作的通知》","国家医疗保障局","通知","医保局-价格招采司","医疗服务价格处","医保办发〔2022〕16号 卫生、体育 国务院部门文件","http://www.gov.cn/zhengce/zhengceku/2022-07/21/content_5701939.htm","待审核","",""
"doc-257","2022","2022-07","《2022年继续提高城乡居民医保筹资标准》","33","8","医保局-待遇保障司","筹资待遇处","33 8 要闻","http://www.gov.cn/zhengce/2022-07/13/content_5700784.htm","待审核","",""
"doc-258","2022","2022-07","《国家医保局 财政部 国家税务总局关于做好2022年城乡居民基本医疗保障工作的通知》","国家税务总局,国家医疗保障局,财政部","通知","卫健委-规划发展与信息化司","综合处","医保发〔2022〕20号 卫生、体育 国务院部门文件","http://www.gov.cn/zhengce/zhengceku/2022-07/09/content_5700123.htm","待审核","",""
"doc-259","2022","2022-07","《关于做好2022年基本公共卫生服务工作的通知》","财政部,国家卫生健康委员会,国家中医药管理局","通知","卫健委-基层卫生健康司","基本公共卫生处","国卫基层发〔2022〕21号 卫生、体育 国务院部门文件","http://www.gov.cn/zhengce/zhengceku/2022-07/07/content_5699780.htm","待审核","",""
"doc-260","2022","2022-07","《关于阶段性缓缴职工基本医疗保险单位缴费的通知》","财政部,国家税务总局,国家医疗保障局,国家发展和改革委员会","通知","医保局-待遇保障司","筹资待遇处","医保发〔2022〕21号 劳动、人事、监察 国务院部门文件","http://www.gov.cn/zhengce/zhengceku/2022-07/02/content_5698964.htm","待审核","",""
"doc-261","2022","2022-06","《国家卫生健康委办公厅关于印发2022年国家随机监督抽查计划的通知》","国家卫生健康委员会","通知","卫健委-规划发展与信息化司","综合处","国卫办监督函〔2022〕201号 卫生、体育 国务院部门文件","http://www.gov.cn/zhengce/zhengceku/2022-06/23/content_5697327.htm","待审核","",""
"doc-262","2022","2022-06","《关于印发2022年纠正医药购销领域和医疗服务中不正之风工作要点的通知》","工业和信息化部,财政部,商务部,国家卫生健康委员会,国家税务总局,国家市场监督管理总局,国家中医药管理局,公安部,国家医疗保障局","通知","中医药局-医政管理","中医药服务处","国卫医函〔2022〕84号 卫生、体育 国务院部门文件","http://www.gov.cn/zhengce/zhengceku/2022-06/07/content_5694468.htm","待审核","",""
"doc-263","2022","2022-06","《国家医保局 财政部 国家卫生健康委 国家中医药局关于开展2022年度医疗保障基金飞行检查工作的通知》","国家中医药管理局,财政部,国家卫生健康委员会,国家医疗保障局","通知","医保局-基金监管司","飞行检查处","医保函〔2022〕24号 卫生、体育 国务院部门文件","http://www.gov.cn/zhengce/zhengceku/2022-06/01/content_5693463.htm","待审核","",""
"doc-264","2022","2022-05","《国务院办公厅关于印发深化医药卫生体制改革2022年重点工作任务的通知》","国务院办公厅","通知","卫健委-体制改革司","综合协调处","国办发〔2022〕14号 卫生 国务院办公厅","http://www.gov.cn/zhengce/content/2022-05/25/content_5692209.htm","待审核","",""
"doc-265","2022","2022-05","《关于进一步降低新冠病毒核酸检测和抗原检测价格的通知》","国家医疗保障局","通知","卫健委-医政司","医疗机构处","医保办发〔2022〕10号 卫生、体育 国务院部门文件","http://www.gov.cn/zhengce/zhengceku/2022-05/25/content_5692238.htm","待审核","",""
"doc-291","2021","2021-12","《国家卫生健康委办公厅关于印发公共场所自动体外除颤器配置指南（试行）的通知》","国家卫生健康委员会","通知","卫健委-宣传司","健康宣教处","国卫办医函〔2021〕602号 卫生、体育 国务院部门文件","http://www.gov.cn/zhengce/zhengceku/2021-12/31/content_5665718.htm","待审核","",""
"doc-292","2021","2021-12","《十部门关于印发《“十四五”医疗装备产业发展规划》的通知》","国家中医药管理局,国家药品监督管理局,国家医疗保障局,国家发展和改革委员会,科学技术部,工业和信息化部,财政部,国家卫生健康委员会,国务院国有资产监督管理委员会,国家市场监督管理总局","通知","中医药局-医政管理","中医药服务处","工信部联规〔2021〕208号 工业、交通 国务院部门文件","http://www.gov.cn/zhengce/zhengceku/2021-12/28/content_5664991.htm","待审核","",""
"doc-293","2021","2021-12","《国家医疗保障局办公室关于印发DRG/DIP付费示范点名单的通知》","国家医疗保障局","通知","医保局-医药服务管理司","支付方式改革处","医保办函〔2021〕15号 卫生、体育 国务院部门文件","http://www.gov.cn/zhengce/zhengceku/2021-12/21/content_5663873.htm","待审核","",""
"doc-294","2021","2021-12","《关于印发《“十四五”学前教育发展提升行动计划》和《“十四五”县域普通高中发展提升行动计划》的通知》","国家发展和改革委员会,财政部,人力资源和社会保障部,自然资源部,住房和城乡建设部,国家税务总局,教育部,公安部,国家医疗保障局","通知","卫健委-规划发展与信息化司","发展规划处","教基〔2021〕8号 科技、教育 国务院部门文件","http://www.gov.cn/zhengce/zhengceku/2021-12/16/content_5661144.htm","待审核","",""
"doc-295","2021","2021-12","《关于印发医疗废物分类目录（2021年版）的通知》","生态环境部,国家卫生健康委员会","通知","卫健委-规划发展与信息化司","综合处","国卫医函〔2021〕238号 卫生、体育 国务院部门文件","http://www.gov.cn/zhengce/zhengceku/2021-12/02/content_5655394.htm","待审核","",""
"doc-296","2021","2021-11","《国家医疗保障局关于印发DRG/DIP 支付方式改革三年行动计划的通知》","国家医疗保障局","通知","医保局-医药服务管理司","支付方式改革处","医保发〔2021〕48号 卫生、体育 国务院部门文件","http://www.gov.cn/zhengce/zhengceku/2021-11/28/content_5653858.htm","待审核","",""
"doc-297","2021","2021-11","《国家医保局办公室 财政部办公厅关于印发《基本医疗保险关系转移接续暂行办法》的通知》","财政部,国家医疗保障局","通知","医保局-待遇保障司","筹资待遇处","医保办发〔2021〕43号 卫生、体育 国务院部门文件","http://www.gov.cn/zhengce/zhengceku/2021-11/28/content_5653856.htm","待审核","",""
"doc-298","2021","2021-11","《国家卫生健康委办公厅关于开展老年医疗护理服务试点工作的通知》","国家卫生健康委员会","通知","卫健委-医政司","护理与康复处","国卫办医函〔2021〕560号 卫生、体育 国务院部门文件","http://www.gov.cn/zhengce/zhengceku/2021-11/27/content_5653768.htm","待审核","",""
"doc-299","2021","2021-11","《关于印发母乳喂养促进行动计划（2021-2025年）的通知》","国家发展和改革委员会,文化和旅游部,国家卫生健康委员会,国家广播电视总局,国家铁路局,国家中医药管理局,中国民用航空局,国家市场监督管理总局,人力资源和社会保障部,住房和城乡建设部,交通运输部","通知","卫健委-妇幼健康司","妇女卫生处","国卫妇幼发〔2021〕38号 卫生、体育 国务院部门文件","http://www.gov.cn/zhengce/zhengceku/2021-11/24/content_5653169.htm","待审核","",""
"doc-300","2021","2021-11","《国家卫生健康委办公厅关于推广三明市分级诊疗和医疗联合体建设经验的通知》","国家卫生健康委员会","通知","医保局-医药服务管理司","支付方式改革处","国卫办医函〔2021〕547号 卫生、体育 国务院部门文件","http://www.gov.cn/zhengce/zhengceku/2021-11/22/content_5652558.htm","待审核","",""
"doc-301","2021","2021-11","《关于印发国家中西医结合医学中心（综合医院）设置标准的通知》","国家卫生健康委员会,国家中医药管理局","通知","卫健委-医政司","医疗机构处","国卫办医函〔2021〕544号 卫生、体育 国务院部门文件","http://www.gov.cn/zhengce/zhengceku/2021-11/09/content_5649895.htm","待审核","",""
"doc-302","2021","2021-11","《国家医疗保障局办公室关于做好国家组织药品集中带量采购协议期满后接续工作的通知》","国家医疗保障局","通知","医保局-价格招采司","药品耗材招采处","医保办发〔2021〕44号 卫生、体育 国务院部门文件","http://www.gov.cn/zhengce/zhengceku/2021-11/05/content_5649219.htm","待审核","",""
"doc-303","2021","2021-11","《国家卫生健康委关于印发健康儿童行动提升计划（2021—2025年）的通知》","国家卫生健康委员会","通知","卫健委-人口家庭司","政策协调处","国卫妇幼发〔2021〕33号 卫生、体育 国务院部门文件","http://www.gov.cn/zhengce/zhengceku/2021-11/05/content_5649019.htm","待审核","",""
"doc-304","2021","2021-11","《国家卫生健康委办公厅关于印发“千县工程”县医院综合能力提升工作方案（2021-2025年）的通知》","国家卫生健康委员会","通知","卫健委-医政司","医疗机构处","国卫办医函〔2021〕538号 卫生、体育 国务院部门文件","http://www.gov.cn/zhengce/zhengceku/2021-11/04/content_5648771.htm","待审核","",""
"doc-305","2021","2021-10","《农业农村部关于印发《全国兽用抗菌药使用减量化行动方案（2021—2025年）》的通知》","农业农村部","通知","卫健委-医疗应急司","安全生产处","农牧发〔2021〕31号 农业、林业、水利 国务院部门文件","http://www.gov.cn/zhengce/zhengceku/2021-10/25/content_5644815.htm","待审核","",""
"doc-306","2021","2021-10","《国家卫生健康委办公厅关于推进脱贫地区县域重大疾病救治管理工作的通知》","国家卫生健康委员会","通知","卫健委-医疗应急司","公共卫生医疗管理处","国卫办医函〔2021〕519号 卫生、体育 国务院部门文件","http://www.gov.cn/zhengce/zhengceku/2021-10/23/content_5644433.htm","待审核","",""
"doc-307","2021","2021-10","《国务院深化医药卫生体制改革领导小组关于深入推广福建省三明市经验 深化医药卫生体制改革的实施意见》","国家卫生健康委员会","意见","卫健委-体制改革司","综合协调处","国医改发〔2021〕2号 卫生、体育 国务院部门文件","http://www.gov.cn/zhengce/zhengceku/2021-10/15/content_5642920.htm","待审核","",""
"doc-308","2021","2021-10","《国家卫生健康委关于印发母婴安全行动提升计划（2021-2025年）的通知》","国家卫生健康委员会","通知","卫健委-人口家庭司","政策协调处","国卫妇幼发〔2021〕30号 卫生、体育 国务院部门文件","http://www.gov.cn/zhengce/zhengceku/2021-10/15/content_5642740.htm","待审核","",""
"doc-309","2021","2021-09","《国家医保局详解《“十四五”全民医疗保障规划》：多层次 重治理 强服务》","33","8","卫健委-规划发展与信息化司","发展规划处","33 8 要闻","http://www.gov.cn/zhengce/2021-09/30/content_5640421.htm","待审核","",""
"doc-310","2021","2021-09","《国务院办公厅关于印发“十四五”全民医疗保障规划的通知》","国务院办公厅","通知","卫健委-规划发展与信息化司","发展规划处","国办发〔2021〕36号 卫生 国务院办公厅","http://www.gov.cn/zhengce/content/2021-09/29/content_5639967.htm","待审核","",""
"doc-311","2021","2021-09","《民政部 财政部 中国残联关于进一步完善困难残疾人生活补贴和重度残疾人护理补贴制度的意见》","民政部,财政部","意见","卫健委-医政司","护理与康复处","民发〔2021〕70号 民政、扶贫、救灾 国务院部门文件","http://www.gov.cn/zhengce/zhengceku/2021-09/15/content_5637554.htm","待审核","",""
"doc-312","2021","2021-09","《国家医保局办公室 财政部办公厅关于开展门诊慢特病相关治疗费用跨省直接结算试点工作的通知》","财政部,国家医疗保障局","通知","医保局-价格招采司","药品耗材招采处","医保办函〔2021〕4号 卫生、体育 国务院部门文件","http://www.gov.cn/zhengce/zhengceku/2021-09/15/content_5637491.htm","待审核","",""
"doc-313","2021","2021-09","《国家医疗保障局 国家卫生健康委关于适应国家医保谈判常态化持续做好谈判药品落地工作的通知》","国家医疗保障局,国家卫生健康委员会","通知","医保局-基金监管司","基金监管处","医保函〔2021〕182号 卫生、体育 国务院部门文件","http://www.gov.cn/zhengce/zhengceku/2021-09/11/content_5636762.htm","待审核","",""
"doc-314","2021","2021-09","《教育部关于印发《2022年全国硕士研究生招生工作管理规定》的通知》","教育部","通知","卫健委-体制改革司","督导评价处","教学函〔2021〕2号 科技、教育 国务院部门文件","http://www.gov.cn/zhengce/zhengceku/2021-09/04/content_5635387.htm","待审核","",""
"doc-315","2021","2021-09","《国家医保局 国家卫生健康委 国家发展改革委 财政部 人力资源社会保障部 市场监管总局 国家中医药局 国家药监局关于印发《深化医疗服务价格改革试点方案》的通知》","国家发展和改革委员会,人力资源和社会保障部,国家卫生健康委员会,国家市场监督管理总局,国家中医药管理局,国家药品监督管理局,国家医疗保障局,财政部","通知","医保局-价格招采司","医疗服务价格处","医保发〔2021〕41号 卫生、体育 国务院部门文件","http://www.gov.cn/zhengce/zhengceku/2021-09/01/content_5634738.htm","待审核","",""
"doc-316","2021","2021-09","《关于加快补齐医疗机构污水处理设施短板 提高污染治理能力的通知》","财政部,生态环境部,国家卫生健康委员会,国家发展和改革委员会","通知","卫健委-医政司","医疗机构处","环办水体〔2021〕19号 城乡建设、环境保护 国务院部门文件","http://www.gov.cn/zhengce/zhengceku/2021-09/01/content_5634580.htm","待审核","",""
"doc-317","2021","2021-08","《关于印发长期处方管理规范（试行）的通知》","国家卫生健康委员会,国家医疗保障局","通知","卫健委-医政司","医疗管理处","国卫办医发〔2021〕17号 卫生、体育 国务院部门文件","http://www.gov.cn/zhengce/zhengceku/2021-08/13/content_5631140.htm","待审核","",""
"doc-318","2021","2021-07","《国家卫生健康委关于贯彻落实《中共中央 国务院关于优化生育政策促进人口长期均衡发展的决定》的通知》","国家卫生健康委员会","通知","卫健委-人口家庭司","政策协调处","国卫人口发〔2021〕24号 卫生、体育 国务院部门文件","http://www.gov.cn/zhengce/zhengceku/2021-07/30/content_5628356.htm","待审核","",""
"doc-319","2021","2021-07","《国家医疗保障局办公室关于做好支持三孩政策生育保险工作的通知》","国家医疗保障局","通知","卫健委-人口家庭司","政策协调处","医保办发〔2021〕36号 卫生、体育 国务院部门文件","http://www.gov.cn/zhengce/zhengceku/2021-07/26/content_5627470.htm","待审核","",""
"doc-320","2021","2021-07","《国家医疗保障局办公室关于印发按病种分值付费（DIP）医疗保障经办管理规程（试行）的通知》","国家医疗保障局","通知","医保局-医药服务管理司","支付方式改革处","医保办发〔2021〕27号 卫生、体育 国务院部门文件","http://www.gov.cn/zhengce/zhengceku/2021-07/16/content_5625508.htm","待审核","",""
"doc-321","2021","2021-07","《国家卫生健康委办公厅关于加快推进检查检验结果互认工作的通知》","国家卫生健康委员会","通知","卫健委-医政司","医疗管理处","国卫办医函〔2021〕392号 卫生、体育 国务院部门文件","http://www.gov.cn/zhengce/zhengceku/2021-07/16/content_5625480.htm","待审核","",""
"doc-322","2021","2021-07","《关于做好2021年基本公共卫生服务项目工作的通知》","财政部,国家卫生健康委员会,国家中医药管理局","通知","卫健委-基层卫生健康司","基本公共卫生处","国卫基层发〔2021〕23号 卫生、体育 国务院部门文件","http://www.gov.cn/zhengce/zhengceku/2021-07/14/content_5624819.htm","待审核","",""
"doc-323","2021","2021-06","《国务院医改领导小组秘书处关于印发《全国深化医药卫生体制改革经验推广基地管理办法（试行）》的通知》","国家卫生健康委员会","通知","卫健委-体制改革司","综合协调处","国医改秘函〔2021〕36号 卫生、体育 国务院部门文件","http://www.gov.cn/zhengce/zhengceku/2021-06/29/content_5621438.htm","待审核","",""
"doc-324","2021","2021-06","《国家卫生健康委办公厅关于印发0～6岁儿童眼保健及视力检查服务规范（试行）的通知》","国家卫生健康委员会","通知","卫健委-基层卫生健康司","基本公共卫生处","国卫办妇幼发〔2021〕11号 卫生、体育 国务院部门文件","http://www.gov.cn/zhengce/zhengceku/2021-06/24/content_5620637.htm","待审核","",""
"doc-345","2020","2020-12","《关于印发中医药康复服务能力提升工程实施方案（2021-2025年）的通知》","国家体育总局,国家卫生健康委员会,国家中医药管理局,国家医疗保障局","通知","卫健委-医政司","护理与康复处","国中医药医政发〔2020〕4号 卫生、体育 国务院部门文件","http://www.gov.cn/zhengce/zhengceku/2020-12/31/content_5575771.htm","待审核","",""
"doc-346","2020","2020-12","《国家医疗保障局关于坚持传统服务方式与智能化服务创新并行 优化医疗保障服务工作的实施意见》","国家医疗保障局","意见","卫健委-老龄健康司","健康服务处","医保发〔2020〕54号 卫生、体育 国务院部门文件","http://www.gov.cn/zhengce/zhengceku/2020-12/30/content_5575172.htm","待审核","",""
"doc-347","2020","2020-12","《国家医保局 人力资源社会保障部关于印发《国家基本医疗保险、工伤保险和生育保险药品目录（2020年）》的通知》","人力资源和社会保障部,国家医疗保障局","通知","医保局-医药服务管理司","医保目录处","医保发〔2020〕53号 卫生、体育 国务院部门文件","http://www.gov.cn/zhengce/zhengceku/2020-12/28/content_5574062.htm","待审核","",""
"doc-348","2020","2020-12","《国家卫生健康委办公厅关于进一步推进“互联网+护理服务”试点工作的通知》","国家卫生健康委员会","通知","医保局-价格招采司","医疗服务价格处","国卫办医函〔2020〕985号 卫生、体育 国务院部门文件","http://www.gov.cn/zhengce/zhengceku/2020-12/16/content_5569982.htm","待审核","",""
"doc-349","2020","2020-12","《关于开展示范性全国老年友好型社区创建工作的通知》","国家卫生健康委员会","通知","卫健委-老龄健康司","健康服务处","国卫老龄发〔2020〕23号 卫生、体育 国务院部门文件","http://www.gov.cn/zhengce/zhengceku/2020-12/14/content_5569385.htm","待审核","",""
"doc-350","2020","2020-12","《聚焦《关于深入推进“互联网+医疗健康”“五个一”服务行动的通知》：一大波“民生减负”来袭，这些看病就医不再那么麻烦了！》","33","8","中医药局-医政管理","中医药服务处","33 8 要闻","http://www.gov.cn/zhengce/2020-12/11/content_5568929.htm","待审核","",""
"doc-351","2020","2020-12","《关于深入推进“互联网+医疗健康”“五个一”服务行动的通知》","国家卫生健康委员会,国家中医药管理局","通知","卫健委-医政司","医疗机构处","国卫规划发〔2020〕22号 卫生、体育 国务院部门文件","http://www.gov.cn/zhengce/zhengceku/2020-12/10/content_5568777.htm","待审核","",""
"doc-352","2020","2020-12","《关于依托全国一体化在线政务服务平台做好出生医学证明电子证照应用推广工作的通知》","国家卫生健康委员会,公安部","通知","医保局-价格招采司","采购平台处","国卫办规划函〔2020〕967号 卫生、体育 国务院部门文件","http://www.gov.cn/zhengce/zhengceku/2020-12/10/content_5568652.htm","待审核","",""
"doc-353","2020","2020-11","《国家医疗保障局办公室关于贯彻执行15项医疗保障信息业务编码标准的通知》","国家医疗保障局","通知","医保局-规划财务法规司","信息化处","医保办发〔2020〕51号 卫生、体育 国务院部门文件","http://www.gov.cn/zhengce/zhengceku/2020-11/30/content_5565849.htm","待审核","",""
"doc-354","2020","2020-11","《国家医疗保障局办公室关于印发国家医疗保障按病种分值付费（DIP）技术规范和DIP病种目录库（1.0版）的通知》","国家医疗保障局","通知","医保局-医药服务管理司","支付方式改革处","医保办发〔2020〕50号 卫生、体育 国务院部门文件","http://www.gov.cn/zhengce/zhengceku/2020-11/30/content_5565845.htm","待审核","",""
"doc-355","2020","2020-11","《国家医保局医药价格和招标采购指导中心关于印发《医药价格和招采信用评价的操作规范（2020版）》的通知》","国家医疗保障局","通知","医保局-基金监管司","信用管理处","医保价采中心函〔2020〕24号 卫生、体育 国务院部门文件","http://www.gov.cn/zhengce/zhengceku/2020-11/28/content_5565653.htm","待审核","",""
"doc-356","2020","2020-11","《关于印发2018年纠正医药购销领域和医疗服务中不正之风专项治理工作要点的通知》","财政部,国家卫生健康委员会,国家税务总局,国家市场监督管理总局,国家中医药管理局,公安部,工业和信息化部,商务部,国家医疗保障局","通知","中医药局-医政管理","中医药服务处","国卫医函〔2018〕186号 卫生、体育 国务院部门文件","http://www.gov.cn/zhengce/zhengceku/2020-11/18/content_5562297.htm","待审核","",""
"doc-357","2020","2020-11","《关于印发血站秋冬季新冠肺炎疫情防控工作指引的通知》","国家卫生健康委员会","通知","卫健委-医疗应急司","血液管理处","国卫办医函〔2020〕930号 卫生、体育 国务院部门文件","http://www.gov.cn/zhengce/zhengceku/2020-11/18/content_5562240.htm","待审核","",""
"doc-358","2020","2020-11","《国家医疗保障局关于印发《医疗保障行政执法事项指导目录》的通知》","国家医疗保障局","通知","卫健委-规划发展与信息化司","综合处","医保发〔2020〕35号 卫生、体育 国务院部门文件","http://www.gov.cn/zhengce/zhengceku/2020-11/05/content_5557633.htm","待审核","",""
"doc-359","2020","2020-11","《国家医疗保障局关于印发《医疗保障系统全面推行行政执法公示制度执法全过程记录制度重大执法决定法制审核制度实施办法（试行）》的通知》","国家医疗保障局","通知","卫健委-法规司","立法处","医保发〔2020〕32号 卫生、体育 国务院部门文件","http://www.gov.cn/zhengce/zhengceku/2020-11/05/content_5557629.htm","待审核","",""
"doc-360","2020","2020-11","《国家医疗保障局办公室关于印发医保药品中药饮片和医疗机构制剂统一编码规则和方法的通知》","国家医疗保障局","通知","医保局-规划财务法规司","信息化处","医保办发〔2020〕42号 卫生、体育 国务院部门文件","http://www.gov.cn/zhengce/zhengceku/2020-11/05/content_5557628.htm","待审核","",""
"doc-361","2020","2020-11","《国家医疗保障局办公室关于印发区域点数法总额预算和按病种分值付费试点工作方案的通知》","国家医疗保障局","通知","医保局-基金监管司","基金监管处","医保办发〔2020〕45号 卫生、体育 国务院部门文件","http://www.gov.cn/zhengce/zhengceku/2020-11/05/content_5557627.htm","待审核","",""
"doc-362","2020","2020-11","《国家医疗保障局办公室关于印发《医疗保障行政执法文书制作指引与文书样式》的通知》","国家医疗保障局","通知","卫健委-规划发展与信息化司","综合处","医保办发〔2020〕35 卫生、体育 国务院部门文件","http://www.gov.cn/zhengce/zhengceku/2020-11/05/content_5557626.htm","待审核","",""
"doc-363","2020","2020-11","《国家医疗保障局办公室关于印发区域点数法总额预算和按病种分值付费试点城市名单的通知》","国家医疗保障局","通知","医保局-医药服务管理司","支付方式改革处","医保办发〔2020〕49号 卫生、体育 国务院部门文件","http://www.gov.cn/zhengce/zhengceku/2020-11/05/content_5557625.htm","待审核","",""
"doc-364","2020","2020-11","《工业和信息化部办公厅 国家卫生健康委办公厅关于进一步加强远程医疗网络能力建设的通知》","工业和信息化部,国家卫生健康委员会","通知","卫健委-基层卫生健康司","综合处","工信厅联通信函〔2020〕251号 工业、交通 国务院部门文件","http://www.gov.cn/zhengce/zhengceku/2020-11/04/content_5557432.htm","待审核","",""
"doc-365","2020","2020-11","《国家医疗保障局关于积极推进“互联网+”医疗服务医保支付工作的指导意见》","国家医疗保障局","意见","医保局-基金监管司","基金监管处","医保发〔2020〕45号 卫生、体育 国务院部门文件","http://www.gov.cn/zhengce/zhengceku/2020-11/03/content_5556883.htm","待审核","",""
"doc-366","2020","2020-10","《关于印发儿童青少年肥胖防控实施方案的通知》","国家卫生健康委员会,国家市场监督管理总局,国家体育总局,教育部","通知","卫健委-规划发展与信息化司","发展规划处","国卫办疾控发〔2020〕16号 卫生、体育 国务院部门文件","http://www.gov.cn/zhengce/zhengceku/2020-10/24/content_5553848.htm","待审核","",""
"doc-367","2020","2020-10","《国家医疗保障局 财政部关于推进门诊费用跨省直接结算试点工作的通知》","财政部,国家医疗保障局","通知","医保局-价格招采司","药品耗材招采处","医保发〔2020〕40号 卫生、体育 国务院部门文件","http://www.gov.cn/zhengce/zhengceku/2020-10/02/content_5548965.htm","待审核","",""
"doc-368","2020","2020-09","《关于印发紧密型县域医疗卫生共同体建设评判标准和监测指标体系（试行）的通知》","国家医疗保障局,国家卫生健康委员会,国家中医药管理局","通知","卫健委-基层卫生健康司","运行评价处","国卫办基层发〔2020〕12号 卫生、体育 国务院部门文件","http://www.gov.cn/zhengce/zhengceku/2020-09/18/content_5544471.htm","待审核","",""
"doc-369","2020","2020-09","《国家医保局 财政部 国家税务总局关于加强和改进基本医疗保险参保工作的指导意见》","财政部,国家税务总局,国家医疗保障局","意见","医保局-待遇保障司","筹资待遇处","医保发〔2020〕33号 卫生、体育 国务院部门文件","http://www.gov.cn/zhengce/zhengceku/2020-09/14/content_5543256.htm","待审核","",""
"doc-370","2020","2020-09","《国家卫生健康委办公厅关于探索开展抑郁症、老年痴呆防治特色服务工作的通知》","国家卫生健康委员会","通知","卫健委-规划发展与信息化司","发展规划处","国卫办疾控函〔2020〕726号 卫生、体育 国务院部门文件","http://www.gov.cn/zhengce/zhengceku/2020-09/11/content_5542555.htm","待审核","",""
"doc-371","2020","2020-09","《国家卫生健康委办公厅关于印发中央转移支付地方项目包虫病患者救治管理办法的通知》","国家卫生健康委员会","通知","卫健委-法规司","立法处","国卫办疾控函〔2020〕725号 卫生、体育 国务院部门文件","http://www.gov.cn/zhengce/zhengceku/2020-09/03/content_5539743.htm","待审核","",""
"doc-372","2020","2020-09","《国家卫生健康委关于设置国家儿童区域医疗中心的通知》","国家卫生健康委员会","通知","卫健委-医政司","医疗机构处","国卫医函〔2020〕343号 卫生、体育 国务院部门文件","http://www.gov.cn/zhengce/zhengceku/2020-09/03/content_5539736.htm","待审核","",""
"doc-373","2020","2020-09","《国家卫生健康委办公厅关于进一步加强医疗机构护理工作的通知》","国家卫生健康委员会","通知","卫健委-医政司","护理与康复处","国卫办医发〔2020〕11号 卫生、体育 国务院部门文件","http://www.gov.cn/zhengce/zhengceku/2020-09/02/content_5539428.htm","待审核","",""
"doc-374","2020","2020-08","《关于进一步加强无烟医疗卫生机构建设工作的通知》","国家卫生健康委员会,国家中医药管理局","通知","中医药局-医政管理","中医药服务处","国卫规划函〔2020〕306号 卫生、体育 国务院部门文件","http://www.gov.cn/zhengce/zhengceku/2020-08/04/content_5532281.htm","待审核","",""
"doc-375","2020","2020-08","《国家卫生健康委关于调整2018—2020年大型医用设备配置规划的通知》","国家卫生健康委员会","通知","卫健委-宣传司","健康宣教处","国卫财务函〔2020〕315号 卫生、体育 国务院部门文件","http://www.gov.cn/zhengce/zhengceku/2020-08/01/content_5531860.htm","待审核","",""
"doc-376","2020","2020-07","《国家卫生健康委办公厅关于持续做好抗菌药物临床应用管理工作的通知》","国家卫生健康委员会","通知","卫健委-医政司","医疗机构处","国卫办医发〔2020〕8号 卫生、体育 国务院部门文件","http://www.gov.cn/zhengce/zhengceku/2020-07/24/content_5529693.htm","待审核","",""
"doc-377","2020","2020-07","《国务院办公厅关于印发深化医药卫生体制改革2020年下半年重点工作任务的通知》","国务院办公厅","通知","卫健委-体制改革司","综合协调处","国办发〔2020〕25号 卫生 国务院办公厅","http://www.gov.cn/zhengce/content/2020-07/23/content_5529417.htm","待审核","",""
"doc-378","2020","2020-07","《关于推行医疗机构、医师、护士电子证照工作的通知》","国家卫生健康委员会,国家中医药管理局","通知","卫健委-医政司","医疗机构处","国卫办医函〔2020〕605号 卫生、体育 国务院部门文件","http://www.gov.cn/zhengce/zhengceku/2020-07/22/content_5529124.htm","待审核","",""
"doc-414","2019","2019-12","《国务院扶贫办综合司 国家卫生健康委办公厅关于印发《强直性脊柱炎健康扶贫工程工作方案》的通知》","国家卫生健康委员会","通知","卫健委-财务司","乡村振兴处","国开办司发〔2019〕12号 民政、扶贫、救灾 国务院部门文件","http://www.gov.cn/zhengce/zhengceku/2019-12/19/content_5462426.htm","待审核","",""
"doc-415","2019","2019-12","《国务院深化医药卫生体制改革领导小组印发关于以药品集中采购和使用为突破口进一步深化医药卫生体制改革若干政策措施的通知》","国家卫生健康委员会","通知","卫健委-体制改革司","综合协调处","国医改发〔2019〕3号 卫生、体育 国务院部门文件","http://www.gov.cn/zhengce/zhengceku/2019-12/19/content_5462306.htm","待审核","",""
"doc-416","2019","2019-12","《国家卫生健康委关于印发自由贸易试验区“证照分离”改革卫生健康事项实施方案的通知》","国家卫生健康委员会","通知","医保局-基金监管司","基金监管处","国卫法规发〔2019〕62号 卫生、体育 国务院部门文件","http://www.gov.cn/zhengce/zhengceku/2019-12/19/content_5462303.htm","待审核","",""
"doc-417","2019","2019-12","《关于印发《国家医疗保障局政府信息公开暂行办法》的通知》","国家医疗保障局","通知","卫健委-法规司","立法处","医保发〔2019〕72号 综合政务 国务院部门文件","http://www.gov.cn/zhengce/zhengceku/2019-12/18/content_5562284.htm","待审核","",""
"doc-418","2019","2019-12","《国家医疗保障局关于印发《关于做好当前药品价格管理工作的意见》的通知》","国家医疗保障局","通知","卫健委-规划发展与信息化司","综合处","医保发〔2019〕67号 卫生、体育 国务院部门文件","http://www.gov.cn/zhengce/zhengceku/2019-12/08/content_5562279.htm","待审核","",""
"doc-419","2019","2019-12","《健康保险管理办法》","国家金融监督管理总局","命令（令）","卫健委-法规司","立法处","银保监会令2019年第3号 财政、金融、审计 国务院部门文件","http://www.gov.cn/zhengce/zhengceku/2019-12/04/content_5458542.htm","待审核","",""
"doc-420","2019","2019-12","《科技部办公厅 财政部办公厅关于发布中央级高校和科研院所等单位重大科研基础设施和大型科研仪器开放共享评价考核结果的通知》","科学技术部","通知","卫健委-体制改革司","督导评价处","国科办基〔2019〕90号 科技、教育 国务院部门文件","http://www.gov.cn/zhengce/zhengceku/2019-12/03/content_5457987.htm","待审核","",""
"doc-421","2019","2019-11","《国家医保局人力资源社会保障部关于将2019年谈判药品纳入《国家基本医疗保险、工伤保险和生育保险药品目录》乙类范围的通知》","人力资源和社会保障部,国家医疗保障局","通知","医保局-医药服务管理司","医保目录处","医保发〔2019〕65号 劳动、人事、监察 国务院部门文件","http://www.gov.cn/zhengce/zhengceku/2019-11/30/content_5562264.htm","待审核","",""
"doc-422","2019","2019-11","《国家卫生健康委办公厅关于印发大型医院巡查工作方案（2019—2022年度）的通知》","国家卫生健康委员会","通知","卫健委-医疗应急司","医疗监督和行风管理处","国卫办医函〔2019〕837号 卫生、体育 国务院部门文件","http://www.gov.cn/zhengce/zhengceku/2019-11/22/content_5454496.htm","待审核","",""
"doc-423","2019","2019-11","《国家卫生健康委办公厅关于县级疾病预防控制等专业公共卫生机构指导基层开展基本公共卫生服务的通知》","国家卫生健康委员会","通知","卫健委-基层卫生健康司","基本公共卫生处","国卫办疾控函〔2019〕817号 卫生、体育 国务院部门文件","http://www.gov.cn/zhengce/zhengceku/2019-11/20/content_5453852.htm","待审核","",""
"doc-424","2019","2019-11","《国家卫生健康委办公厅关于贯彻落实职业健康检查管理办法的通知》","国家卫生健康委员会","通知","卫健委-职业健康司","技术服务管理处","国卫办职健函〔2019〕494号 卫生、体育 国务院部门文件","http://www.gov.cn/zhengce/zhengceku/2019-11/20/content_5453835.htm","待审核","",""
"doc-425","2019","2019-11","《关于印发促进社会办医持续健康规范发展意见的通知》","国家发展和改革委员会,科学技术部,财政部,人力资源和社会保障部,自然资源部,住房和城乡建设部,国家市场监督管理总局,国家金融监督管理总局,国家医疗保障局,国家卫生健康委员会","通知","卫健委-规划发展与信息化司","综合处","国卫医发〔2019〕42号 卫生、体育 国务院部门文件","http://www.gov.cn/zhengce/zhengceku/2019-11/20/content_5453812.htm","待审核","",""
"doc-426","2019","2019-11","《关于印发全面提升县级医院综合能力第二阶段县级医院名单的通知》","国家中医药管理局,国家卫生健康委员会","通知","卫健委-医政司","医疗机构处","国卫办医函〔2019〕555号 卫生、体育 国务院部门文件","http://www.gov.cn/zhengce/zhengceku/2019-11/20/content_5453758.htm","待审核","",""
"doc-427","2019","2019-11","《关于印发解决贫困人口基本医疗有保障突出问题工作方案的通知》","国家卫生健康委员会,国家发展和改革委员会,财政部,国家医疗保障局","通知","中医药局-医政管理","中医药服务处","国卫扶贫发〔2019〕45号 卫生、体育 国务院部门文件","http://www.gov.cn/zhengce/zhengceku/2019-11/18/content_5453152.htm","待审核","",""
"doc-428","2019","2019-11","《关于印发尘肺病防治攻坚行动方案的通知》","国家发展和改革委员会,民政部,财政部,人力资源和社会保障部,生态环境部,应急管理部,国家医疗保障局,国家卫生健康委员会","通知","卫健委-职业健康司","职业病管理处","国卫职健发〔2019〕46号 卫生、体育 国务院部门文件","http://www.gov.cn/zhengce/zhengceku/2019-11/18/content_5453151.htm","待审核","",""
"doc-429","2019","2019-11","《国家卫生健康委办公厅关于印发医疗机构短缺药品分类分级与替代使用技术指南的通知》","国家卫生健康委员会","通知","卫健委-医政司","医疗机构处","国卫办药政函〔2019〕625号 卫生、体育 国务院部门文件","http://www.gov.cn/zhengce/zhengceku/2019-11/18/content_5453139.htm","待审核","",""
"doc-430","2019","2019-11","《关于做好今冬明春流行性感冒医疗工作的通知》","国家卫生健康委员会,国家中医药管理局","通知","中医药局-医政管理","中医药服务处","国卫办医函〔2019〕819号 卫生、体育 国务院部门文件","http://www.gov.cn/zhengce/zhengceku/2019-11/18/content_5453138.htm","待审核","",""
"doc-431","2019","2019-11","《关于开展儿童血液病、恶性肿瘤医疗救治及保障管理工作的通知》","民政部,国家中医药管理局,国家医疗保障局,国家卫生健康委员会","通知","医保局-待遇保障司","筹资待遇处","国卫医发〔2019〕50号 卫生、体育 国务院部门文件","http://www.gov.cn/zhengce/zhengceku/2019-11/18/content_5453137.htm","待审核","",""
"doc-432","2019","2019-11","《关于印发疾病诊断相关分组（DRG）付费国家试点技术规范和分组方案的通知》","国家医疗保障局","通知","医保局-医药服务管理司","支付方式改革处","医保办发﹝2019﹞36号 劳动、人事、监察 国务院部门文件","http://www.gov.cn/zhengce/zhengceku/2019-11/18/content_5562261.htm","待审核","",""
"doc-433","2019","2019-11","《关于加强医疗护理员培训和规范管理工作的通知》","财政部,人力资源和社会保障部,国家市场监督管理总局,国家中医药管理局,国家卫生健康委员会","通知","卫健委-医政司","护理与康复处","国卫医发〔2019〕49号 卫生、体育 国务院部门文件","http://www.gov.cn/zhengce/zhengceku/2019-11/18/content_5453052.htm","待审核","",""
"doc-434","2019","2019-11","《关于做好2019年基本公共卫生服务项目工作的通知》","财政部,国家中医药管理局,国家卫生健康委员会","通知","卫健委-基层卫生健康司","基本公共卫生处","国卫基层发〔2019〕52号 卫生、体育 国务院部门文件","http://www.gov.cn/zhengce/zhengceku/2019-11/15/content_5452431.htm","待审核","",""
"doc-435","2019","2019-11","《关于进一步加强医疗机构、医师、护士电子化注册信息核查和管理工作的通知》","国家卫生健康委员会,国家中医药管理局","通知","卫健委-医政司","医疗机构处","国卫办医函〔2019〕735号 卫生、体育 国务院部门文件","http://www.gov.cn/zhengce/zhengceku/2019-11/13/content_5451687.htm","待审核","",""
"doc-436","2019","2019-11","《关于做好农村订单定向免费培养医学生就业安置和履约管理工作的通知》","国家发展和改革委员会,财政部,人力资源和社会保障部,国家卫生健康委员会,国家中医药管理局,教育部","通知","中医药局-医政管理","中医药服务处","国卫科教发〔2019〕56号 卫生、体育 国务院部门文件","http://www.gov.cn/zhengce/zhengceku/2019-11/13/content_5451684.htm","待审核","",""
"doc-437","2019","2019-11","《国家卫生健康委办公厅关于进一步加强秋冬季重点传染病防控工作的通知》","国家卫生健康委员会","通知","卫健委-规划发展与信息化司","综合处","国卫办疾控函〔2019〕764号 卫生、体育 国务院部门文件","http://www.gov.cn/zhengce/zhengceku/2019-11/13/content_5451680.htm","待审核","",""
"doc-438","2019","2019-11","《关于印发遏制艾滋病传播实施方案（2019—2022年）的通知》","财政部,国家广播电视总局,公安部,国家卫生健康委员会,国家互联网信息办公室,科学技术部,民政部,教育部","通知","卫健委-医疗应急司","公共卫生医疗管理处","国卫疾控发〔2019〕54号 卫生、体育 国务院部门文件","http://www.gov.cn/zhengce/zhengceku/2019-11/13/content_5451669.htm","待审核","",""
"doc-439","2019","2019-11","《关于深入推进医养结合发展的若干意见》","财政部,人力资源和社会保障部,自然资源部,住房和城乡建设部,国家市场监督管理总局,国家中医药管理局,教育部,国家医疗保障局,国家卫生健康委员会,国家发展和改革委员会,民政部","意见","卫健委-老龄健康司","医养结合处","国卫老龄发〔2019〕60号 卫生、体育 国务院部门文件","http://www.gov.cn/zhengce/zhengceku/2019-11/13/content_5451629.htm","待审核","",""
"doc-440","2019","2019-10","《教育部关于取消一批证明事项的通知》","教育部","通知","医保局-规划财务法规司","法规标准处","教政法函〔2019〕12号 科技、教育 国务院部门文件","http://www.gov.cn/zhengce/zhengceku/2019-10/23/content_5443998.htm","待审核","",""
"doc-441","2019","2019-10","《国家医疗保障局、财政部、国家卫生健康委、国务院扶贫办关于坚决完成医疗保障脱贫攻坚硬任务的指导意见》","财政部,国家卫生健康委员会,国家医疗保障局","意见","卫健委-规划发展与信息化司","综合处","医保发〔2019〕57号 民政、扶贫、救灾 国务院部门文件","http://www.gov.cn/zhengce/zhengceku/2019-10/17/content_5456419.htm","待审核","",""
"doc-442","2019","2019-10","《民政部 国家卫生健康委 应急管理部 市场监管总局关于做好2019年养老院服务质量建设专项行动工作的通知》","国家市场监督管理总局,应急管理部,国家卫生健康委员会,民政部","通知","卫健委-老龄健康司","医养结合处","民发〔2019〕52号 民政、扶贫、救灾 国务院部门文件","http://www.gov.cn/zhengce/zhengceku/2019-10/16/content_5440535.htm","待审核","",""
"doc-443","2019","2019-10","《国家医疗保障局关于印发医疗保障标准化工作指导意见的通知》","国家医疗保障局","通知","卫健委-法规司","标准处","医保发〔2019〕 39号 劳动、人事、监察 国务院部门文件","http://www.gov.cn/zhengce/zhengceku/2019-10/12/content_5438776.htm","待审核","",""
"doc-444","2019","2019-10","《国家医保局 财政部关于切实做好2019年跨省异地就医住院费用直接结算工作的通知》","国家医疗保障局,财政部","通知","医保局-价格招采司","药品耗材招采处","医保发〔2019〕33号 劳动、人事、监察 国务院部门文件","http://www.gov.cn/zhengce/zhengceku/2019-10/12/content_5438770.htm","待审核","",""
"doc-445","2019","2019-10","《国家医保局 财政部 国家卫生健康委 国家中医药局关于印发按疾病诊断相关分组付费国家试点城市名单的通知》","国家医疗保障局,财政部,国家卫生健康委员会,国家中医药管理局","通知","医保局-医药服务管理司","支付方式改革处","医保发﹝2019﹞34号 劳动、人事、监察 国务院部门文件","http://www.gov.cn/zhengce/zhengceku/2019-10/12/content_5438769.htm","待审核","",""
"doc-446","2019","2019-10","《国家医疗保障局 财政部关于做好2019年城乡居民基本医疗保障工作的通知》","国家医疗保障局,财政部","通知","医保局-待遇保障司","筹资待遇处","医保发﹝2019﹞30号 劳动、人事、监察 国务院部门文件","http://www.gov.cn/zhengce/zhengceku/2019-10/12/content_5438753.htm","待审核","",""
"doc-447","2019","2019-10","《国家医疗保障局关于国家组织药品集中采购和使用试点医保配套措施的意见》","国家医疗保障局","意见","医保局-基金监管司","基金监管处","医保发〔2019〕18号 劳动、人事、监察 国务院部门文件","http://www.gov.cn/zhengce/zhengceku/2019-10/12/content_5438741.htm","待审核","",""
"doc-477","2018","2018-12","《关于印发国家基本药物目录（2018年版）的通知》","国家卫生健康委员会,国家中医药管理局","通知","卫健委-体制改革司","综合协调处","国卫药政发〔2018〕31号 卫生、体育 国务院部门文件","http://www.gov.cn/zhengce/zhengceku/2018-12/31/content_5435470.htm","待审核","",""
"doc-478","2018","2018-12","《关于进一步加强流行性感冒防控工作的通知》","国家卫生健康委员会","通知","卫健委-规划发展与信息化司","综合处","国卫疾控函〔2018〕254号 卫生、体育 国务院部门文件","http://www.gov.cn/zhengce/zhengceku/2018-12/31/content_5435469.htm","待审核","",""
"doc-479","2018","2018-12","《关于印发贫困地区健康促进三年攻坚行动方案的通知》","国家卫生健康委员会","通知","卫健委-宣传司","健康宣教处","国卫办宣传函〔2018〕907号 民政、扶贫、救灾 国务院部门文件","http://www.gov.cn/zhengce/zhengceku/2018-12/31/content_5435465.htm","待审核","",""
"doc-480","2018","2018-12","《国家卫生健康委员会、国家中医药局关于开展“优质服务基层行”活动的通知》","国家卫生健康委员会,国家中医药管理局","通知","卫健委-基层卫生健康司","综合处","国卫基层函〔2018〕195号 卫生、体育 国务院部门文件","http://www.gov.cn/zhengce/zhengceku/2018-12/31/content_5435449.htm","待审核","",""
"doc-481","2018","2018-12","《关于做好《医疗纠纷预防和处理条例》贯彻实施工作的通知》","国家卫生健康委员会,国家中医药管理局","通知","卫健委-医政司","医疗管理处","国卫办医函〔2018〕798号 卫生、体育 国务院部门文件","http://www.gov.cn/zhengce/zhengceku/2018-12/31/content_5435444.htm","待审核","",""
"doc-482","2018","2018-12","《关于开展儿童白血病救治管理工作的通知》","国家发展和改革委员会,国家药品监督管理局,人力资源和社会保障部,国家中医药管理局,国家医疗保障局,国家卫生健康委员会","通知","卫健委-医疗应急司","医疗应急指导处","国卫医发〔2018〕16号 卫生、体育 国务院部门文件","http://www.gov.cn/zhengce/zhengceku/2018-12/31/content_5435429.htm","待审核","",""
"doc-483","2018","2018-12","《国家中医药管理局 科技部 工业和信息化部 国家卫生健康委员会关于印发《关于加强中医医疗器械科技创新的指导意见》的通知》","国家中医药管理局","通知","卫健委-科技教育司","项目一处","国中医药科技发〔2018〕11号 卫生、体育 国务院部门文件","http://www.gov.cn/zhengce/zhengceku/2018-12/31/content_5429166.htm","待审核","",""
"doc-484","2018","2018-12","《印发《关于对严重危害正常医疗秩序的失信行为责任人实施联合惩戒合作备忘录》的通知》","国家发展和改革委员会,工业和信息化部,人力资源和社会保障部,自然资源部,住房和城乡建设部,交通运输部,商务部,文化和旅游部,国家卫生健康委员会,中国人民银行,国务院国有资产监督管理委员会,海关总署,国家市场监督管理总局,国家金融监督管理总局,中国证券监督管理委员会,国家中医药管理局,公安部,中国民用航空局","通知","医保局-基金监管司","信用管理处","发改财金〔2018〕1399号 卫生、体育 国务院部门文件","http://www.gov.cn/zhengce/zhengceku/2018-12/31/content_5434917.htm","待审核","",""
"doc-485","2018","2018-12","《关于优化社会办医疗机构跨部门审批工作的通知》","自然资源部,民政部,国家发展和改革委员会,国家中医药管理局,国家市场监督管理总局,应急管理部,国家卫生健康委员会,住房和城乡建设部,生态环境部","通知","卫健委-医政司","医疗机构处","发改社会〔2018〕1147号 卫生、体育 国务院部门文件","http://www.gov.cn/zhengce/zhengceku/2018-12/31/content_5433535.htm","待审核","",""
"doc-486","2018","2018-12","《关于印发加强和完善麻醉医疗服务意见的通知》","国家发展和改革委员会,国家卫生健康委员会,人力资源和社会保障部,国家中医药管理局,国家药品监督管理局,教育部","通知","卫健委-医政司","医疗资源处","国卫医发〔2018〕21号 卫生、体育 国务院部门文件","http://www.gov.cn/zhengce/zhengceku/2018-12/31/content_5435335.htm","待审核","",""
"doc-487","2018","2018-12","《国家发展改革委 民政部 自然资源部 生态环境部 住房城乡建设部 卫生健康委 应急部 市场监管总局 中医药局关于优化社会办医疗机构跨部门审批工作的通知》","国家中医药管理局,应急管理部,民政部,自然资源部,生态环境部,国家卫生健康委员会,国家市场监督管理总局,住房和城乡建设部","通知","卫健委-医政司","医疗机构处","发改社会〔2018〕1147号 国土资源、能源 国务院部门文件","http://www.gov.cn/zhengce/zhengceku/2018-12/31/content_5439372.htm","待审核","",""
"doc-488","2018","2018-12","《国家卫生健康委员会 国家中医药管理局关于印发全面提升县级医院综合能力工作方案（2018-2020年）的通知》","国家卫生健康委员会,国家中医药管理局","通知","卫健委-医政司","医疗机构处","国卫医发〔2018〕37号 卫生、体育 国务院部门文件","http://www.gov.cn/zhengce/zhengceku/2018-12/31/content_5429455.htm","待审核","",""
"doc-489","2018","2018-12","《农业农村部 国家药品监督管理局 国家中医药管理局关于印发《全国道地药材生产基地建设规划（2018—2025年）》的通知》","农业农村部,国家中医药管理局,国家药品监督管理局","通知","中医药局-医政管理","中药管理处","农农发〔2018〕4号 农业、林业、水利 国务院部门文件","http://www.gov.cn/zhengce/zhengceku/2018-12/31/content_5443381.htm","待审核","",""
"doc-490","2018","2018-12","《国家中医药管理局办公室关于开展中医医疗机构传染病防治和感染防控监督执法专项检查督查工作的通知》","国家中医药管理局","通知","医保局-基金监管司","飞行检查处","国中医药办法监函〔2018〕34号 卫生、体育 国务院部门文件","http://www.gov.cn/zhengce/zhengceku/2018-12/31/content_5432652.htm","待审核","",""
"doc-491","2018","2018-12","《关于进一步做好分级诊疗制度建设有关重点工作的通知》","国家卫生健康委员会,国家中医药管理局","通知","卫健委-体制改革司","综合协调处","国卫医发〔2018〕28号 卫生、体育 国务院部门文件","http://www.gov.cn/zhengce/zhengceku/2018-12/31/content_5435248.htm","待审核","",""
"doc-492","2018","2018-12","《关于印发加快落实仿制药供应保障及使用政策工作方案的通知》","国家卫生健康委员会,国家发展和改革委员会,科学技术部,工业和信息化部,财政部,国家市场监督管理总局,国家中医药管理局,国家药品监督管理局,国家知识产权局,教育部,国家医疗保障局","通知","中医药局-医政管理","中医药服务处","国卫体改发〔2018〕53号 卫生、体育 国务院部门文件","http://www.gov.cn/zhengce/zhengceku/2018-12/31/content_5436937.htm","待审核","",""
"doc-493","2018","2018-12","《关于深入开展“互联网+医疗健康”便民惠民活动的通知》","国家卫生健康委员会","通知","卫健委-基层卫生健康司","综合处","国卫规划发〔2018〕22号 卫生、体育 国务院部门文件","http://www.gov.cn/zhengce/zhengceku/2018-12/31/content_5435186.htm","待审核","",""
"doc-494","2018","2018-12","《关于学习贯彻习近平总书记重要指示精神 进一步加强医务人员队伍建设的通知》","国家中医药管理局","通知","卫健委-体制改革司","督导评价处","国卫医发〔2018〕34号 卫生、体育 国务院部门文件","http://www.gov.cn/zhengce/zhengceku/2018-12/31/content_5429369.htm","待审核","",""
"doc-495","2018","2018-12","《关于开展建立健全现代医院管理制度试点的通知》","人力资源和社会保障部,国家发展和改革委员会,财政部,国家中医药管理局,国家医疗保障局,国家卫生健康委员会","通知","卫健委-医政司","医疗机构处","国卫体改发〔2018〕50号 卫生、体育 国务院部门文件","http://www.gov.cn/zhengce/zhengceku/2018-12/31/content_5436908.htm","待审核","",""
"doc-496","2018","2018-12","《关于印发健康扶贫三年攻坚行动实施方案的通知》","国家卫生健康委员会","通知","医保局-待遇保障司","筹资待遇处","国卫财务发〔2018〕38号 民政、扶贫、救灾 国务院部门文件","http://www.gov.cn/zhengce/zhengceku/2018-12/31/content_5436892.htm","待审核","",""
"doc-497","2018","2018-12","《关于印发促进护理服务业改革与发展指导意见的通知》","国家卫生健康委员会","通知","卫健委-医政司","护理与康复处","国卫医发〔2018〕20号 卫生、体育 国务院部门文件","http://www.gov.cn/zhengce/zhengceku/2018-12/31/content_5435177.htm","待审核","",""
"doc-498","2018","2018-12","《国家医疗保障局办公室关于申报按疾病诊断相关分组付费国家试点的通知》","国家医疗保障局","通知","医保局-医药服务管理司","支付方式改革处","医保办发〔2018〕23号 劳动、人事、监察 国务院部门文件","http://www.gov.cn/zhengce/zhengceku/2018-12/31/content_5438720.htm","待审核","",""
"doc-499","2018","2018-12","《关于进一步提升创伤救治能力的通知》","国家卫生健康委员会","通知","卫健委-医政司","医疗机构处","国卫办医函〔2018〕477号 卫生、体育 国务院部门文件","http://www.gov.cn/zhengce/zhengceku/2018-12/31/content_5435172.htm","待审核","",""
"doc-500","2018","2018-12","《关于当前加强医保协议管理确保基金安全有关工作的通知》","国家医疗保障局","通知","医保局-基金监管司","经办稽核处","医保办发〔2018〕21号 劳动、人事、监察 国务院部门文件","http://www.gov.cn/zhengce/zhengceku/2018-12/31/content_5438716.htm","待审核","",""
"doc-501","2018","2018-12","《国家药监局关于加强药品集中采购和使用试点期间药品监管工作的通知》","国家药品监督管理局","通知","卫健委-医疗应急司","安全生产处","国药监药管〔2018〕57号 市场监管、安全生产监管 国务院部门文件","http://www.gov.cn/zhengce/zhengceku/2018-12/31/content_5433825.htm","待审核","",""
"doc-502","2018","2018-12","《国家医保局 财政部 国务院扶贫办关于印发《医疗保障扶贫三年行动实施方案(2018-2020年)》的通知》","国家医疗保障局,财政部","通知","卫健委-规划发展与信息化司","发展规划处","医保发〔2018〕18号 劳动、人事、监察 国务院部门文件","http://www.gov.cn/zhengce/zhengceku/2018-12/31/content_5438703.htm","待审核","",""
"doc-503","2018","2018-12","《关于做好春夏季重点传染病防控工作的通知》","国家卫生健康委员会","通知","卫健委-规划发展与信息化司","综合处","国卫办疾控函〔2018〕280号 卫生、体育 国务院部门文件","http://www.gov.cn/zhengce/zhengceku/2018-12/31/content_5435153.htm","待审核","",""
"doc-504","2018","2018-12","《国家医疗保障局关于将17种抗癌药纳入国家基本医疗保险、工伤保险和生育保险药品目录乙类范围的通知》","国家医疗保障局","通知","医保局-医药服务管理司","医保目录处","医保发〔2018〕17号 劳动、人事、监察 国务院部门文件","http://www.gov.cn/zhengce/zhengceku/2018-12/31/content_5438693.htm","待审核","",""
"doc-505","2018","2018-12","《关于印发健康扶贫领域作风问题专项治理实施方案的通知》","国家卫生健康委员会","函","卫健委-财务司","乡村振兴处","国卫办财务函〔2018〕198号 民政、扶贫、救灾 国务院部门文件","http://www.gov.cn/zhengce/zhengceku/2018-12/31/content_5435151.htm","待审核","",""
"doc-506","2018","2018-12","《国家医保局 财政部 人力资源社会保障部 国家卫生健康委关于做好2018年城乡居民基本医疗保险工作的通知》","国家医疗保障局,财政部,人力资源和社会保障部,国家卫生健康委员会","通知","医保局-待遇保障司","筹资待遇处","医保发〔2018〕2号 劳动、人事、监察 国务院部门文件","http://www.gov.cn/zhengce/zhengceku/2018-12/31/content_5438689.htm","待审核","",""
"doc-507","2018","2018-12","《关于进一步加强患者安全管理工作的通知》","国家卫生健康委员会","通知","卫健委-医政司","医疗机构处","国卫办医发〔2018〕5号 卫生、体育 国务院部门文件","http://www.gov.cn/zhengce/zhengceku/2018-12/31/content_5435146.htm","待审核","",""
"doc-508","2018","2018-12","《关于进一步加强流行性感冒医疗工作的通知》","国家中医药管理局,国家卫生健康委员会","通知","中医药局-医政管理","中医药服务处","国卫办医函〔2018〕1020号 卫生、体育 国务院部门文件","http://www.gov.cn/zhengce/zhengceku/2018-12/31/content_5436827.htm","待审核","",""
"doc-509","2018","2018-12","《关于印发公立医院开展网络支付业务指导意见的通知》","国家卫生健康委员会","通知","卫健委-医政司","医疗机构处","国卫办财务发〔2018〕23号 卫生、体育 国务院部门文件","http://www.gov.cn/zhengce/zhengceku/2018-12/31/content_5435563.htm","待审核","",""
"doc-510","2018","2018-08","《医疗纠纷预防和处理条例》","国务院","命令（令）","卫健委-法规司","立法处","国令第701号 卫生 国务院办公厅","http://www.gov.cn/zhengce/content/2018-08/31/content_5318057.htm","待审核","",""
"doc-516","2017","2017-05","《国务院办公厅关于印发深化医药卫生体制改革2017年重点工作任务的通知》","国务院办公厅","通知","卫健委-体制改革司","综合协调处","国办发〔2017〕37号 医药管理 国务院办公厅","http://www.gov.cn/zhengce/content/2017-05/05/content_5191213.htm","待审核","",""
"doc-517","2017","2017-03","《国务院关于印发“十三五”国家老龄事业发展和养老体系建设规划的通知》","国务院","通知","卫健委-老龄健康司","医养结合处","国发〔2017〕13号 其他 国务院办公厅","http://www.gov.cn/zhengce/content/2017-03/06/content_5173930.htm","待审核","",""
"doc-518","2017","2017-02","《国务院关于印发“十三五”国家食品安全规划和“十三五”国家药品安全规划的通知》","国务院","通知","卫健委-规划发展与信息化司","发展规划处","国发〔2017〕12号 其他 国务院办公厅","http://www.gov.cn/zhengce/content/2017-02/21/content_5169755.htm","待审核","",""
"doc-519","2017","2017-02","《国务院办公厅关于印发中国防治慢性病中长期规划（2017—2025年）的通知》","国务院办公厅","通知","卫健委-规划发展与信息化司","发展规划处","国办发〔2017〕12号 卫生 国务院办公厅","http://www.gov.cn/zhengce/content/2017-02/14/content_5167886.htm","待审核","",""
"doc-520","2017","2017-02","《国务院办公厅关于印发中国遏制与防治艾滋病“十三五”行动计划的通知》","国务院办公厅","通知","卫健委-医疗应急司","公共卫生医疗管理处","国办发〔2017〕8号 卫生 国务院办公厅","http://www.gov.cn/zhengce/content/2017-02/05/content_5165514.htm","待审核","",""
"doc-521","2017","2017-01","《国务院办公厅关于印发“互联网+政务服务”技术体系建设指南的通知》","国务院办公厅","通知","卫健委-法规司","立法处","国办函〔2016〕108号 电子政务 国务院办公厅","http://www.gov.cn/zhengce/content/2017-01/12/content_5159174.htm","待审核","",""
"doc-522","2017","2017-01","《国务院关于印发“十三五”卫生与健康规划的通知》","国务院","通知","卫健委-规划发展与信息化司","发展规划处","国发〔2016〕77号 卫生 国务院办公厅","http://www.gov.cn/zhengce/content/2017-01/10/content_5158488.htm","待审核","",""
"doc-523","2017","2017-01","《国务院关于印发“十三五”深化医药卫生体制改革规划的通知》","国务院","通知","卫健委-体制改革司","综合协调处","国发〔2016〕78号 卫生 国务院办公厅","http://www.gov.cn/zhengce/content/2017-01/09/content_5158053.htm","待审核","",""
"doc-524","2016","2016-10","《国务院办公厅关于调整国务院深化医药卫生体制改革领导小组组成人员的通知》","国务院办公厅","通知","卫健委-体制改革司","综合协调处","国办发〔2016〕75号 医药管理 国务院办公厅","http://www.gov.cn/zhengce/content/2016-10/27/content_5124884.htm","待审核","",""
"doc-525","2016","2016-10","《国务院办公厅关于印发推动1亿非户籍人口在城市落户方案的通知》","国务院办公厅","通知","卫健委-规划发展与信息化司","综合处","国办发〔2016〕72号 公安 国务院办公厅","http://www.gov.cn/zhengce/content/2016-10/11/content_5117442.htm","待审核","",""
"doc-526","2016","2016-06","《国务院办公厅关于促进和规范健康医疗大数据应用发展的指导意见》","国务院办公厅","意见","卫健委-规划发展与信息化司","信息统计处","国办发〔2016〕47号 卫生 国务院办公厅","http://www.gov.cn/zhengce/content/2016-06/24/content_5085091.htm","待审核","",""
"doc-527","2016","2016-04","《国务院办公厅关于印发深化医药卫生体制改革2016年重点工作任务的通知》","国务院办公厅","通知","卫健委-体制改革司","综合协调处","国办发〔2016〕26号 卫生 国务院办公厅","http://www.gov.cn/zhengce/content/2016-04/26/content_5068131.htm","待审核","",""
"doc-528","2016","2016-04","《关于进一步做好重度残疾人医疗服务及保障工作的通知》","民政部,财政部,人力资源和社会保障部","通知","卫健委-规划发展与信息化司","综合处","国卫办医发〔2016〕15号 卫生、体育 国务院部门文件","http://www.gov.cn/zhengce/zhengceku/2016-04/26/content_5650057.htm","待审核","",""
"doc-529","2016","2016-04","《关于新增部分医疗康复项目纳入基本医疗保障支付范围的通知》","民政部,财政部,人力资源和社会保障部,国家卫生健康委员会","通知","医保局-待遇保障司","筹资待遇处","人社部发〔2016〕23号 民政、扶贫、救灾 国务院部门文件","http://www.gov.cn/zhengce/zhengceku/2016-04/09/content_5650070.htm","待审核","",""
"doc-530","2016","2016-02","《国务院关于印发中医药发展战略规划纲要（2016—2030年）的通知》","国务院","通知","中医药局-医政管理","中医药服务处","国发〔2016〕15号 医药管理 国务院办公厅","http://www.gov.cn/zhengce/content/2016-02/26/content_5046678.htm","待审核","",""